Polarite(n-4),Charge(n-4),Volume(n-4),Tendance helice(n-4),Tendance feuillet(n-4),Flexibilite(n-4),Hydropathie(n-4),Pi(n-4),Structure(n-4),AA(n-4),Polarite(n-3),Charge(n-3),Volume(n-3),Tendance helice(n-3),Tendance feuillet(n-3),Flexibilite(n-3),Hydropathie(n-3),Pi(n-3),Structure(n-3),AA(n-3),Polarite(n-2),Charge(n-2),Volume(n-2),Tendance helice(n-2),Tendance feuillet(n-2),Flexibilite(n-2),Hydropathie(n-2),Pi(n-2),Structure(n-2),AA(n-2),Polarite(n-1),Charge(n-1),Volume(n-1),Tendance helice(n-1),Tendance feuillet(n-1),Flexibilite(n-1),Hydropathie(n-1),Pi(n-1),Structure(n-1),AA(n-1),Polarite(n),Charge(n),Volume(n),Tendance helice(n),Tendance feuillet(n),Flexibilite(n),Hydropathie(n),Pi(n),AA(n),Polarite(n+1),Charge(n+1),Volume(n+1),Tendance helice(n+1),Tendance feuillet(n+1),Flexibilite(n+1),Hydropathie(n+1),Pi(n+1),AA(n+1),Polarite(n+2),Charge(n+2),Volume(n+2),Tendance helice(n+2),Tendance feuillet(n+2),Flexibilite(n+2),Hydropathie(n+2),Pi(n+2),AA(n+2),Polarite(n+3),Charge(n+3),Volume(n+3),Tendance helice(n+3),Tendance feuillet(n+3),Flexibilite(n+3),Hydropathie(n+3),Pi(n+3),AA(n+3),Polarite(n+4),Charge(n+4),Volume(n+4),Tendance helice(n+4),Tendance feuillet(n+4),Flexibilite(n+4),Hydropathie(n+4),Pi(n+4),AA(n+4),Structure(n)
--,0,++,0,++,0,++,+,Structure,I,+,0,-,--,--,0,--,-,Structure,N,++,-,--,-,--,+,--,--,Structure,D,--,0,++,0,++,0,++,+,Structure,I,--,0,++,0,++,-,++,--,V,++,0,-,0,0,--,-,++,H,++,+,0,+,0,++,--,++,R,0,0,0,-,+,0,0,-,T,--,0,++,0,++,0,++,+,I,Structure
--,0,++,0,++,-,++,--,Structure,V,++,-,--,-,--,+,--,--,Structure,D,-,0,+,+,++,--,++,-,Vide,F,0,0,--,--,0,+,0,0,Vide,S,++,-,--,-,--,+,--,--,D,++,0,-,0,0,--,-,++,H,+,+,0,+,-,+,--,++,K,++,-,--,-,--,+,--,--,D,--,0,--,++,-,-,+,+,A,Vide
++,-,-,++,--,+,--,--,Vide,E,0,0,+,--,--,+,-,++,Vide,P,--,0,++,++,+,-,++,+,Vide,L,0,0,+,--,--,+,-,++,Vide,P,0,0,+,--,--,+,-,++,P,--,0,++,++,+,-,++,+,L,-,0,+,+,++,--,++,-,F,0,0,--,--,0,+,0,0,S,0,0,+,-,+,0,0,-,Y,Structure
--,0,++,0,++,-,++,--,Vide,V,0,0,0,-,+,0,0,-,Vide,T,0,0,+,--,--,+,-,++,Vide,P,0,0,+,--,--,+,-,++,Vide,P,--,0,--,--,-,++,+,+,G,+,+,0,+,-,+,--,++,K,++,+,0,+,0,++,--,++,R,++,0,-,0,0,--,-,++,H,--,0,--,++,-,-,+,+,A,Vide
--,0,--,--,-,++,+,+,Vide,G,--,0,--,++,-,-,+,+,Vide,A,--,0,--,--,-,++,+,+,Vide,G,--,0,--,++,-,-,+,+,Structure,A,--,0,++,++,+,-,++,+,L,--,0,++,++,+,-,++,+,L,--,0,++,0,++,-,++,--,V,0,0,--,--,0,+,0,0,S,++,+,0,+,0,++,--,++,R,Structure
--,0,++,0,++,0,++,+,Vide,I,++,+,0,+,0,++,--,++,Vide,R,0,0,0,-,+,0,0,-,Vide,T,-,0,-,-,0,-,+,--,Structure,C,0,0,+,--,--,+,-,++,P,+,+,0,+,-,+,--,++,K,0,0,+,--,--,+,-,++,P,--,0,++,0,++,-,++,--,V,--,0,++,0,++,-,++,--,V,Structure
--,0,--,++,-,-,+,+,Vide,A,--,0,++,++,+,-,++,+,Vide,L,++,-,-,++,--,+,--,--,Vide,E,--,0,++,++,+,-,++,+,Vide,L,-,0,+,+,++,--,++,-,F,--,0,++,++,+,-,++,+,L,--,0,--,--,-,++,+,+,G,+,0,-,--,--,0,--,-,N,--,0,--,++,-,-,+,+,A,Vide
--,0,++,0,++,-,++,--,Vide,V,0,0,--,--,0,+,0,0,Vide,S,+,+,0,+,-,+,--,++,Vide,K,0,0,0,-,+,0,0,-,Structure,T,-,0,+,+,++,--,++,-,F,0,0,0,-,+,0,0,-,T,--,0,--,--,-,++,+,+,G,--,0,++,0,++,-,++,--,V,--,0,++,++,+,-,++,+,L,Structure
++,0,-,0,0,--,-,++,Structure,H,--,0,++,0,++,0,++,+,Vide,I,++,-,--,-,--,+,--,--,Structure,D,--,0,++,++,+,-,++,+,Structure,L,0,0,0,-,+,0,0,-,T,--,0,++,++,+,-,++,+,L,--,0,--,++,-,-,+,+,A,+,0,0,+,-,+,--,-,Q,--,0,--,++,-,-,+,+,A,Structure
0,0,0,-,+,0,0,-,Structure,T,--,0,--,++,-,-,+,+,Structure,A,--,0,--,--,-,++,+,+,Structure,G,+,0,-,--,--,0,--,-,Structure,N,--,0,--,--,-,++,+,+,G,--,0,--,++,-,-,+,+,A,--,0,--,--,-,++,+,+,G,--,0,--,--,-,++,+,+,G,++,+,0,+,0,++,--,++,R,Vide
-,0,+,+,++,--,++,-,Structure,F,++,-,-,++,--,+,--,--,Vide,E,--,0,++,++,+,-,++,+,Vide,L,+,+,0,+,-,+,--,++,Structure,K,+,0,-,--,--,0,--,-,N,--,0,++,0,++,0,++,+,I,--,0,--,++,-,-,+,+,A,++,-,--,-,--,+,--,--,D,0,0,--,--,0,+,0,0,S,Structure
++,-,-,++,--,+,--,--,Vide,E,--,0,--,--,-,++,+,+,Vide,G,-,0,+,+,++,--,++,-,Vide,F,0,0,+,--,--,+,-,++,Vide,P,0,0,+,--,--,+,-,++,P,--,0,++,++,+,-,++,+,L,++,-,-,++,--,+,--,--,E,+,0,-,--,--,0,--,-,N,0,0,+,--,--,+,-,++,P,Vide
0,0,+,-,+,0,0,-,Vide,Y,0,0,+,--,--,+,-,++,Vide,P,--,0,--,++,-,-,+,+,Structure,A,++,0,-,0,0,--,-,++,Structure,H,0,0,+,-,+,0,0,-,Y,++,-,--,-,--,+,--,--,D,++,+,0,+,0,++,--,++,R,--,0,++,++,+,-,++,+,L,++,+,0,+,0,++,--,++,R,Structure
+,0,-,--,--,0,--,-,Vide,N,0,0,--,--,0,+,0,0,Vide,S,--,0,--,--,-,++,+,+,Vide,G,++,-,-,++,--,+,--,--,Vide,E,0,0,--,--,0,+,0,0,S,0,0,--,--,0,+,0,0,S,++,-,-,++,--,+,--,--,E,--,0,++,0,++,0,++,+,I,0,0,0,-,+,0,0,-,T,Structure
++,-,-,++,--,+,--,--,Structure,E,--,0,++,++,+,-,++,+,Structure,L,--,0,--,++,-,-,+,+,Structure,A,++,+,0,+,0,++,--,++,Structure,R,--,0,--,++,-,-,+,+,A,--,0,--,++,-,-,+,+,A,--,0,--,++,-,-,+,+,A,-,0,+,++,+,--,+,0,M,+,0,-,--,--,0,--,-,N,Structure
+,0,0,+,-,+,--,-,Vide,Q,--,0,++,0,++,-,++,--,Vide,V,+,0,-,--,--,0,--,-,Vide,N,0,0,+,--,--,+,-,++,Vide,P,++,-,--,-,--,+,--,--,D,0,0,0,-,+,0,0,-,T,--,0,++,0,++,-,++,--,V,0,0,--,--,0,+,0,0,S,+,0,++,0,++,--,0,0,W,Vide
++,-,-,++,--,+,--,--,Vide,E,++,0,-,0,0,--,-,++,Vide,H,0,0,+,--,--,+,-,++,Vide,P,++,-,--,-,--,+,--,--,Vide,D,+,+,0,+,-,+,--,++,K,--,0,++,++,+,-,++,+,L,++,-,-,++,--,+,--,--,E,++,-,-,++,--,+,--,--,E,+,+,0,+,-,+,--,++,K,Structure
+,+,0,+,-,+,--,++,Structure,K,++,-,--,-,--,+,--,--,Structure,D,0,0,--,--,0,+,0,0,Structure,S,0,0,--,--,0,+,0,0,Structure,S,--,0,++,0,++,0,++,+,I,0,0,--,--,0,+,0,0,S,--,0,++,0,++,0,++,+,I,--,0,--,++,-,-,+,+,A,--,0,++,++,+,-,++,+,L,Structure
++,-,-,++,--,+,--,--,Structure,E,0,0,0,-,+,0,0,-,Structure,T,--,0,--,++,-,-,+,+,Vide,A,--,0,--,--,-,++,+,+,Vide,G,-,0,+,+,++,--,++,-,F,+,0,-,--,--,0,--,-,N,--,0,--,++,-,-,+,+,A,+,+,0,+,-,+,--,++,K,0,0,0,-,+,0,0,-,T,Vide
+,0,-,--,--,0,--,-,Vide,N,--,0,--,--,-,++,+,+,Vide,G,0,0,0,-,+,0,0,-,Vide,T,--,0,++,0,++,-,++,--,Vide,V,+,0,-,--,--,0,--,-,N,--,0,++,++,+,-,++,+,L,++,-,--,-,--,+,--,--,D,+,0,-,--,--,0,--,-,N,+,0,0,+,-,+,--,-,Q,Vide
--,0,--,--,-,++,+,+,Structure,G,--,0,--,--,-,++,+,+,Structure,G,--,0,--,++,-,-,+,+,Structure,A,--,0,++,0,++,-,++,--,Vide,V,--,0,++,0,++,-,++,--,V,0,0,0,-,+,0,0,-,T,--,0,--,--,-,++,+,+,G,--,0,++,0,++,-,++,--,V,0,0,0,-,+,0,0,-,T,Vide
+,0,-,--,--,0,--,-,Structure,N,++,-,-,++,--,+,--,--,Structure,E,0,0,+,-,+,0,0,-,Structure,Y,--,0,++,0,++,-,++,--,Structure,V,+,+,0,+,-,+,--,++,K,+,0,0,+,-,+,--,-,Q,-,0,+,+,++,--,++,-,F,+,0,-,--,--,0,--,-,N,0,0,--,--,0,+,0,0,S,Structure
-,0,+,+,++,--,++,-,Structure,F,0,0,+,--,--,+,-,++,Structure,P,--,0,++,++,+,-,++,+,Structure,L,--,0,++,++,+,-,++,+,Structure,L,++,+,0,+,0,++,--,++,R,+,0,-,--,--,0,--,-,N,--,0,++,++,+,-,++,+,L,0,0,0,-,+,0,0,-,T,--,0,++,++,+,-,++,+,L,Structure
--,0,++,++,+,-,++,+,Vide,L,++,-,--,-,--,+,--,--,Vide,D,-,0,+,++,+,--,+,0,Vide,M,++,+,0,+,0,++,--,++,Vide,R,+,0,-,--,--,0,--,-,N,--,0,++,0,++,0,++,+,I,+,0,0,+,-,+,--,-,Q,--,0,++,0,++,-,++,--,V,++,+,0,+,0,++,--,++,R,Vide
+,+,0,+,-,+,--,++,Vide,K,--,0,--,++,-,-,+,+,Vide,A,--,0,++,0,++,-,++,--,Vide,V,++,0,-,0,0,--,-,++,Structure,H,--,0,++,0,++,-,++,--,V,0,0,--,--,0,+,0,0,S,0,0,+,--,--,+,-,++,P,--,0,--,--,-,++,+,+,G,--,0,--,++,-,-,+,+,A,Structure
+,0,0,+,-,+,--,-,Structure,Q,+,0,-,--,--,0,--,-,Vide,N,--,0,++,++,+,-,++,+,Vide,L,--,0,++,0,++,0,++,+,Structure,I,0,0,--,--,0,+,0,0,S,--,0,--,++,-,-,+,+,A,++,0,-,0,0,--,-,++,H,--,0,--,--,-,++,+,+,G,+,+,0,+,-,+,--,++,K,Structure
++,-,-,++,--,+,--,--,Vide,E,++,+,0,+,0,++,--,++,Vide,R,--,0,++,0,++,0,++,+,Vide,I,0,0,+,--,--,+,-,++,Vide,P,++,-,-,++,--,+,--,--,E,++,+,0,+,0,++,--,++,R,--,0,++,0,++,0,++,+,I,--,0,++,0,++,-,++,--,V,++,0,-,0,0,--,-,++,H,Vide
--,0,++,++,+,-,++,+,Vide,L,-,0,+,+,++,--,++,-,Vide,F,+,0,-,--,--,0,--,-,Vide,N,0,0,--,--,0,+,0,0,Vide,S,--,0,++,++,+,-,++,+,L,-,0,+,++,+,--,+,0,M,0,0,+,--,--,+,-,++,P,+,0,0,+,-,+,--,-,Q,--,0,++,0,++,-,++,--,V,Vide
++,-,--,-,--,+,--,--,Structure,D,--,0,--,++,-,-,+,+,Structure,A,0,0,--,--,0,+,0,0,Structure,S,++,0,-,0,0,--,-,++,Structure,H,--,0,--,++,-,-,+,+,A,++,-,-,++,--,+,--,--,E,--,0,--,--,-,++,+,+,G,+,+,0,+,-,+,--,++,K,+,0,++,0,++,--,0,0,W,Structure
+,0,0,+,-,+,--,-,Structure,Q,+,+,0,+,-,+,--,++,Structure,K,++,-,--,-,--,+,--,--,Structure,D,++,-,-,++,--,+,--,--,Structure,E,--,0,--,--,-,++,+,+,G,--,0,++,++,+,-,++,+,L,++,+,0,+,0,++,--,++,R,0,0,+,--,--,+,-,++,P,++,0,-,0,0,--,-,++,H,Vide
++,-,--,-,--,+,--,--,Vide,D,--,0,++,0,++,0,++,+,Vide,I,--,0,--,++,-,-,+,+,Vide,A,+,+,0,+,-,+,--,++,Vide,K,+,+,0,+,-,+,--,++,K,+,0,0,+,-,+,--,-,Q,0,0,+,--,--,+,-,++,P,--,0,++,0,++,-,++,--,V,0,0,0,-,+,0,0,-,T,Vide
-,0,+,+,++,--,++,-,Vide,F,0,0,+,--,--,+,-,++,Vide,P,++,-,--,-,--,+,--,--,Vide,D,--,0,--,--,-,++,+,+,Vide,G,++,-,-,++,--,+,--,--,E,-,0,+,++,+,--,+,0,M,--,0,++,++,+,-,++,+,L,++,+,0,+,0,++,--,++,R,+,0,0,+,-,+,--,-,Q,Vide
--,0,--,++,-,-,+,+,Structure,A,++,-,-,++,--,+,--,--,Structure,E,+,+,0,+,-,+,--,++,Vide,K,++,0,-,0,0,--,-,++,Vide,H,--,0,++,0,++,-,++,--,V,+,0,-,--,--,0,--,-,N,--,0,--,--,-,++,+,+,G,0,0,0,-,+,0,0,-,T,-,0,+,++,+,--,+,0,M,Vide
--,0,++,0,++,0,++,+,Structure,I,--,0,++,++,+,-,++,+,Structure,L,++,-,--,-,--,+,--,--,Structure,D,--,0,--,++,-,-,+,+,Structure,A,--,0,--,++,-,-,+,+,A,--,0,++,++,+,-,++,+,L,++,+,0,+,0,++,--,++,R,+,0,-,--,--,0,--,-,N,--,0,--,--,-,++,+,+,G,Structure
++,-,-,++,--,+,--,--,Vide,E,++,0,-,0,0,--,-,++,Vide,H,--,0,++,++,+,-,++,+,Vide,L,0,0,+,-,+,0,0,-,Vide,Y,--,0,++,0,++,0,++,+,I,--,0,++,0,++,-,++,--,V,--,0,++,0,++,-,++,--,V,++,-,-,++,--,+,--,--,E,++,-,--,-,--,+,--,--,D,Vide
+,0,0,+,-,+,--,-,Structure,Q,0,0,+,-,+,0,0,-,Structure,Y,++,-,--,-,--,+,--,--,Structure,D,--,0,--,++,-,-,+,+,Structure,A,+,+,0,+,-,+,--,++,K,+,0,0,+,-,+,--,-,Q,--,0,--,++,-,-,+,+,A,--,0,++,++,+,-,++,+,L,++,-,--,-,--,+,--,--,D,Structure
0,0,0,-,+,0,0,-,Vide,T,0,0,+,--,--,+,-,++,Vide,P,--,0,++,++,+,-,++,+,Vide,L,--,0,--,--,-,++,+,+,Structure,G,++,+,0,+,0,++,--,++,R,0,0,+,-,+,0,0,-,Y,--,0,++,++,+,-,++,+,L,-,0,+,+,++,--,++,-,F,0,0,0,-,+,0,0,-,T,Structure
--,0,--,--,-,++,+,+,Vide,G,++,+,0,+,0,++,--,++,Vide,R,-,0,+,+,++,--,++,-,Vide,F,--,0,--,++,-,-,+,+,Vide,A,0,0,0,-,+,0,0,-,T,0,0,+,--,--,+,-,++,P,++,-,-,++,--,+,--,--,E,--,0,--,++,-,-,+,+,A,+,+,0,+,-,+,--,++,K,Structure
++,-,-,++,--,+,--,--,Vide,E,--,0,++,++,+,-,++,+,Vide,L,0,0,--,--,0,+,0,0,Structure,S,--,0,--,++,-,-,+,+,Structure,A,--,0,--,++,-,-,+,+,A,--,0,--,++,-,-,+,+,A,--,0,++,++,+,-,++,+,L,+,0,0,+,-,+,--,-,Q,0,0,+,-,+,0,0,-,Y,Structure
--,0,++,++,+,-,++,+,Vide,L,0,0,+,--,--,+,-,++,Vide,P,0,0,0,-,+,0,0,-,Structure,T,++,-,-,++,--,+,--,--,Structure,E,++,-,-,++,--,+,--,--,E,++,-,-,++,--,+,--,--,E,+,0,0,+,-,+,--,-,Q,-,0,+,+,++,--,++,-,F,--,0,--,++,-,-,+,+,A,Structure
++,0,-,0,0,--,-,++,Vide,H,+,0,0,+,-,+,--,-,Vide,Q,++,+,0,+,0,++,--,++,Vide,R,--,0,++,0,++,0,++,+,Structure,I,--,0,++,0,++,0,++,+,I,--,0,++,0,++,-,++,--,V,--,0,++,0,++,0,++,+,I,++,-,--,-,--,+,--,--,D,--,0,++,0,++,-,++,--,V,Structure
++,+,0,+,0,++,--,++,Vide,R,--,0,++,0,++,-,++,--,Structure,V,+,0,++,0,++,--,0,0,Structure,W,0,0,--,--,0,+,0,0,Structure,S,++,+,0,+,0,++,--,++,R,--,0,++,0,++,0,++,+,I,0,0,+,--,--,+,-,++,P,+,+,0,+,-,+,--,++,K,--,0,++,0,++,0,++,+,I,Structure
++,+,0,+,0,++,--,++,Vide,R,--,0,++,0,++,-,++,--,Vide,V,--,0,++,0,++,-,++,--,Vide,V,0,0,0,-,+,0,0,-,Vide,T,--,0,++,++,+,-,++,+,L,--,0,++,0,++,-,++,--,V,0,0,--,--,0,+,0,0,S,-,0,+,++,+,--,+,0,M,++,-,-,++,--,+,--,--,E,Vide
--,0,++,++,+,-,++,+,Structure,L,--,0,++,++,+,-,++,+,Structure,L,++,-,--,-,--,+,--,--,Vide,D,+,+,0,+,-,+,--,++,Vide,K,0,0,+,--,--,+,-,++,P,0,0,0,-,+,0,0,-,T,-,0,+,+,++,--,++,-,F,--,0,--,++,-,-,+,+,A,++,-,-,++,--,+,--,--,E,Vide
0,0,--,--,0,+,0,0,Structure,S,++,+,0,+,0,++,--,++,Structure,R,--,0,++,++,+,-,++,+,Structure,L,--,0,--,--,-,++,+,+,Structure,G,--,0,--,--,-,++,+,+,G,0,0,+,--,--,+,-,++,P,+,0,-,--,--,0,--,-,N,-,0,+,+,++,--,++,-,F,++,0,-,0,0,--,-,++,H,Vide
--,0,--,++,-,-,+,+,Structure,A,--,0,++,++,+,-,++,+,Structure,L,--,0,--,--,-,++,+,+,Structure,G,+,0,0,+,-,+,--,-,Vide,Q,0,0,0,-,+,0,0,-,T,--,0,++,0,++,-,++,--,V,--,0,++,++,+,-,++,+,L,0,0,--,--,0,+,0,0,S,+,+,0,+,-,+,--,++,K,Structure
++,+,0,+,0,++,--,++,Structure,R,--,0,++,0,++,-,++,--,Structure,V,--,0,++,++,+,-,++,+,Structure,L,--,0,++,0,++,0,++,+,Structure,I,--,0,++,0,++,-,++,--,V,+,0,++,0,++,--,0,0,W,++,-,-,++,--,+,--,--,E,-,0,-,-,0,-,+,--,C,--,0,--,++,-,-,+,+,A,Structure
++,+,0,+,0,++,--,++,Vide,R,++,-,--,-,--,+,--,--,Vide,D,+,0,0,+,-,+,--,-,Vide,Q,-,0,+,++,+,--,+,0,Vide,M,+,+,0,+,-,+,--,++,K,++,+,0,+,0,++,--,++,R,0,0,+,--,--,+,-,++,P,0,0,+,--,--,+,-,++,P,--,0,++,++,+,-,++,+,L,Vide
--,0,--,++,-,-,+,+,Structure,A,--,0,++,0,++,0,++,+,Vide,I,0,0,0,-,+,0,0,-,Vide,T,0,0,+,--,--,+,-,++,Vide,P,0,0,+,--,--,+,-,++,P,0,0,0,-,+,0,0,-,T,0,0,+,--,--,+,-,++,P,--,0,--,++,-,-,+,+,A,--,0,++,0,++,-,++,--,V,Vide
++,-,-,++,--,+,--,--,Vide,E,++,0,-,0,0,--,-,++,Vide,H,0,0,+,-,+,0,0,-,Vide,Y,++,-,--,-,--,+,--,--,Vide,D,0,0,+,--,--,+,-,++,P,+,+,0,+,-,+,--,++,K,--,0,--,--,-,++,+,+,G,++,+,0,+,0,++,--,++,R,--,0,++,0,++,0,++,+,I,Vide
0,0,0,-,+,0,0,-,Structure,T,--,0,++,0,++,-,++,--,Structure,V,++,-,-,++,--,+,--,--,Structure,E,++,-,-,++,--,+,--,--,Structure,E,--,0,++,0,++,-,++,--,V,--,0,++,++,+,-,++,+,L,0,0,--,--,0,+,0,0,S,0,0,--,--,0,+,0,0,S,--,0,++,++,+,-,++,+,L,Structure
--,0,++,0,++,0,++,+,Structure,I,0,0,+,--,--,+,-,++,Structure,P,0,0,+,--,--,+,-,++,Vide,P,--,0,--,--,-,++,+,+,Vide,G,--,0,--,--,-,++,+,+,G,+,+,0,+,-,+,--,++,K,++,+,0,+,0,++,--,++,R,0,0,--,--,0,+,0,0,S,--,0,++,0,++,-,++,--,V,Vide
++,0,-,0,0,--,-,++,Structure,H,++,0,-,0,0,--,-,++,Structure,H,0,0,--,--,0,+,0,0,Structure,S,0,0,--,--,0,+,0,0,Structure,S,--,0,--,--,-,++,+,+,G,++,+,0,+,0,++,--,++,R,++,-,-,++,--,+,--,--,E,+,0,-,--,--,0,--,-,N,--,0,++,++,+,-,++,+,L,Structure
++,-,--,-,--,+,--,--,Vide,D,+,0,-,--,--,0,--,-,Vide,N,+,0,-,--,--,0,--,-,Vide,N,++,-,--,-,--,+,--,--,Structure,D,+,0,++,0,++,--,0,0,W,--,0,++,++,+,-,++,+,L,+,0,-,--,--,0,--,-,N,+,0,++,0,++,--,0,0,W,+,0,0,+,-,+,--,-,Q,Structure
--,0,++,0,++,-,++,--,Vide,V,--,0,++,0,++,-,++,--,Vide,V,--,0,++,++,+,-,++,+,Vide,L,--,0,--,++,-,-,+,+,Vide,A,--,0,++,0,++,-,++,--,V,+,0,-,--,--,0,--,-,N,--,0,++,0,++,0,++,+,I,0,0,+,--,--,+,-,++,P,--,0,--,--,-,++,+,+,G,Vide
--,0,--,++,-,-,+,+,Vide,A,--,0,++,0,++,-,++,--,Vide,V,--,0,++,++,+,-,++,+,Structure,L,+,0,0,+,-,+,--,-,Structure,Q,0,0,+,--,--,+,-,++,P,--,0,++,0,++,-,++,--,V,--,0,--,++,-,-,+,+,A,++,-,-,++,--,+,--,--,E,--,0,--,++,-,-,+,+,A,Structure
--,0,++,0,++,0,++,+,Vide,I,++,-,-,++,--,+,--,--,Structure,E,+,+,0,+,-,+,--,++,Structure,K,++,-,--,-,--,+,--,--,Structure,D,--,0,--,++,-,-,+,+,A,--,0,--,++,-,-,+,+,A,--,0,++,++,+,-,++,+,L,++,-,-,++,--,+,--,--,E,++,+,0,+,0,++,--,++,R,Structure
--,0,--,++,-,-,+,+,Vide,A,++,-,-,++,--,+,--,--,Structure,E,--,0,++,0,++,-,++,--,Structure,V,++,-,--,-,--,+,--,--,Structure,D,--,0,++,++,+,-,++,+,L,0,0,+,-,+,0,0,-,Y,0,0,0,-,+,0,0,-,T,++,-,--,-,--,+,--,--,D,0,0,--,--,0,+,0,0,S,Structure
0,0,0,-,+,0,0,-,Structure,T,++,+,0,+,0,++,--,++,Structure,R,--,0,++,0,++,0,++,+,Structure,I,++,-,-,++,--,+,--,--,Structure,E,+,0,-,--,--,0,--,-,N,--,0,++,++,+,-,++,+,L,++,-,-,++,--,+,--,--,E,++,-,-,++,--,+,--,--,E,--,0,++,++,+,-,++,+,L,Structure
++,-,-,++,--,+,--,--,Vide,E,++,0,-,0,0,--,-,++,Vide,H,+,+,0,+,-,+,--,++,Vide,K,++,-,--,-,--,+,--,--,Vide,D,--,0,--,++,-,-,+,+,A,0,0,0,-,+,0,0,-,T,++,-,--,-,--,+,--,--,D,++,-,-,++,--,+,--,--,E,+,0,0,+,-,+,--,-,Q,Vide
++,+,0,+,0,++,--,++,Vide,R,+,+,0,+,-,+,--,++,Vide,K,--,0,++,0,++,-,++,--,Vide,V,0,0,--,--,0,+,0,0,Vide,S,+,0,0,+,-,+,--,-,Q,--,0,++,++,+,-,++,+,L,++,-,--,-,--,+,--,--,D,+,0,++,0,++,--,0,0,W,+,+,0,+,-,+,--,++,K,Vide
0,0,0,-,+,0,0,-,Vide,T,--,0,--,++,-,-,+,+,Vide,A,0,0,0,-,+,0,0,-,Vide,T,--,0,++,++,+,-,++,+,Vide,L,--,0,++,0,++,-,++,--,V,-,0,+,++,+,--,+,0,M,--,0,--,--,-,++,+,+,G,++,-,--,-,--,+,--,--,D,--,0,--,++,-,-,+,+,A,Vide
--,0,--,--,-,++,+,+,Vide,G,--,0,++,++,+,-,++,+,Vide,L,0,0,--,--,0,+,0,0,Vide,S,++,-,--,-,--,+,--,--,Vide,D,--,0,++,0,++,-,++,--,V,--,0,++,0,++,-,++,--,V,0,0,+,--,--,+,-,++,P,--,0,--,--,-,++,+,+,G,++,-,--,-,--,+,--,--,D,Vide
++,-,-,++,--,+,--,--,Vide,E,+,0,-,--,--,0,--,-,Vide,N,++,-,--,-,--,+,--,--,Vide,D,--,0,--,++,-,-,+,+,Vide,A,+,0,++,0,++,--,0,0,W,+,+,0,+,-,+,--,++,K,--,0,++,0,++,0,++,+,I,++,-,--,-,--,+,--,--,D,++,+,0,+,0,++,--,++,R,Vide
--,0,++,0,++,0,++,+,Vide,I,+,0,-,--,--,0,--,-,Vide,N,--,0,--,--,-,++,+,+,Vide,G,++,-,--,-,--,+,--,--,Vide,D,+,+,0,+,-,+,--,++,K,--,0,--,--,-,++,+,+,G,0,0,+,-,+,0,0,-,Y,+,0,-,--,--,0,--,-,N,--,0,--,--,-,++,+,+,G,Vide
+,+,0,+,-,+,--,++,Vide,K,++,-,-,++,--,+,--,--,Vide,E,++,+,0,+,0,++,--,++,Vide,R,0,0,+,-,+,0,0,-,Vide,Y,0,0,+,--,--,+,-,++,P,--,0,++,0,++,-,++,--,V,-,0,+,+,++,--,++,-,F,0,0,+,-,+,0,0,-,Y,++,+,0,+,0,++,--,++,R,Vide
--,0,++,0,++,-,++,--,Structure,V,--,0,++,0,++,-,++,--,Structure,V,+,0,-,--,--,0,--,-,Structure,N,++,+,0,+,0,++,--,++,Structure,R,--,0,++,0,++,0,++,+,I,+,+,0,+,-,+,--,++,K,0,0,0,-,+,0,0,-,T,+,0,++,0,++,--,0,0,W,+,0,0,+,-,+,--,-,Q,Structure
-,0,+,++,+,--,+,0,Vide,M,--,0,--,++,-,-,+,+,Vide,A,+,0,0,+,-,+,--,-,Vide,Q,++,0,-,0,0,--,-,++,Vide,H,++,-,-,++,--,+,--,--,E,--,0,++,0,++,-,++,--,V,--,0,++,0,++,0,++,+,I,0,0,0,-,+,0,0,-,T,++,+,0,+,0,++,--,++,R,Vide
+,0,-,--,--,0,--,-,Structure,N,+,+,0,+,-,+,--,++,Structure,K,++,-,-,++,--,+,--,--,Structure,E,0,0,0,-,+,0,0,-,Structure,T,0,0,--,--,0,+,0,0,S,++,0,-,0,0,--,-,++,H,--,0,++,0,++,-,++,--,V,-,0,+,++,+,--,+,0,M,--,0,++,++,+,-,++,+,L,Structure
Vide,Vide,Vide,Vide,Vide,Vide,Vide,Vide,Vide,Vide,Vide,Vide,Vide,Vide,Vide,Vide,Vide,Vide,Vide,Vide,--,0,--,++,-,-,+,+,Vide,A,++,-,--,-,--,+,--,--,Structure,D,--,0,++,++,+,-,++,+,L,++,-,-,++,--,+,--,--,E,++,-,--,-,--,+,--,--,D,+,0,-,--,--,0,--,-,N,-,0,+,++,+,--,+,0,M,Structure
--,0,++,0,++,-,++,--,Structure,V,0,0,0,-,+,0,0,-,Structure,T,+,0,-,--,--,0,--,-,Structure,N,--,0,--,++,-,-,+,+,Structure,A,--,0,++,0,++,0,++,+,I,+,0,-,--,--,0,--,-,N,+,+,0,+,-,+,--,++,K,--,0,++,++,+,-,++,+,L,--,0,++,0,++,0,++,+,I,Structure
0,0,0,-,+,0,0,-,Vide,T,--,0,++,++,+,-,++,+,Vide,L,-,0,+,+,++,--,++,-,Vide,F,++,-,-,++,--,+,--,--,Vide,E,--,0,++,++,+,-,++,+,L,--,0,--,--,-,++,+,+,G,0,0,--,--,0,+,0,0,S,--,0,++,0,++,-,++,--,V,0,0,--,--,0,+,0,0,S,Vide
--,0,++,0,++,-,++,--,Vide,V,++,-,-,++,--,+,--,--,Vide,E,++,-,--,-,--,+,--,--,Vide,D,0,0,0,-,+,0,0,-,Vide,T,--,0,++,0,++,0,++,+,I,--,0,--,++,-,-,+,+,A,--,0,++,0,++,0,++,+,I,--,0,++,++,+,-,++,+,L,++,+,0,+,0,++,--,++,R,Vide
--,0,--,++,-,-,+,+,Vide,A,++,-,--,-,--,+,--,--,Vide,D,0,0,0,-,+,0,0,-,Vide,T,0,0,0,-,+,0,0,-,Vide,T,0,0,0,-,+,0,0,-,T,--,0,--,++,-,-,+,+,A,--,0,--,++,-,-,+,+,A,0,0,+,--,--,+,-,++,P,--,0,--,++,-,-,+,+,A,Vide
+,0,-,--,--,0,--,-,Structure,N,+,+,0,+,-,+,--,++,Structure,K,--,0,++,0,++,-,++,--,Structure,V,++,+,0,+,0,++,--,++,Structure,R,++,-,-,++,--,+,--,--,E,++,+,0,+,0,++,--,++,R,0,0,--,--,0,+,0,0,S,0,0,+,--,--,+,-,++,P,0,0,--,--,0,+,0,0,S,Vide
+,0,-,--,--,0,--,-,Structure,N,0,0,0,-,+,0,0,-,Structure,T,--,0,++,++,+,-,++,+,Structure,L,-,0,+,++,+,--,+,0,Structure,M,+,0,0,+,-,+,--,-,Q,++,+,0,+,0,++,--,++,R,--,0,++,0,++,-,++,--,V,-,0,-,-,0,-,+,--,C,0,0,+,--,--,+,-,++,P,Vide
0,0,+,--,--,+,-,++,Structure,P,+,0,0,+,-,+,--,-,Structure,Q,+,0,++,0,++,--,0,0,Structure,W,++,+,0,+,0,++,--,++,Structure,R,+,0,0,+,-,+,--,-,Q,++,0,-,0,0,--,-,++,H,+,0,0,+,-,+,--,-,Q,+,0,0,+,-,+,--,-,Q,++,-,--,-,--,+,--,--,D,Structure
--,0,--,--,-,++,+,+,Structure,G,--,0,--,++,-,-,+,+,Vide,A,+,0,0,+,-,+,--,-,Vide,Q,--,0,++,0,++,-,++,--,Vide,V,++,-,-,++,--,+,--,--,E,+,0,-,--,--,0,--,-,N,--,0,++,0,++,0,++,+,I,+,0,0,+,-,+,--,-,Q,++,+,0,+,0,++,--,++,R,Structure
-,0,-,-,0,-,+,--,Vide,C,--,0,++,0,++,-,++,--,Structure,V,++,-,-,++,--,+,--,--,Structure,E,++,-,-,++,--,+,--,--,Structure,E,--,0,++,0,++,-,++,--,V,++,+,0,+,0,++,--,++,R,--,0,++,++,+,-,++,+,L,++,+,0,+,0,++,--,++,R,Vide,Vide,Vide,Vide,Vide,Vide,Vide,Vide,Vide,Vide
--,0,++,++,+,-,++,+,Structure,L,--,0,--,++,-,-,+,+,Structure,A,--,0,--,++,-,-,+,+,Vide,A,--,0,--,--,-,++,+,+,Vide,G,+,+,0,+,-,+,--,++,K,--,0,--,--,-,++,+,+,G,0,0,0,-,+,0,0,-,T,++,+,0,+,0,++,--,++,R,-,0,+,++,+,--,+,0,M,Vide
--,0,--,--,-,++,+,+,Vide,G,--,0,--,--,-,++,+,+,Vide,G,++,-,-,++,--,+,--,--,Structure,E,--,0,++,0,++,0,++,+,Structure,I,0,0,--,--,0,+,0,0,S,--,0,++,++,+,-,++,+,L,++,+,0,+,0,++,--,++,R,0,0,--,--,0,+,0,0,S,--,0,--,++,-,-,+,+,A,Structure
0,0,0,-,+,0,0,-,Structure,T,--,0,++,0,++,-,++,--,Structure,V,--,0,++,0,++,-,++,--,Structure,V,0,0,+,--,--,+,-,++,Structure,P,--,0,++,0,++,-,++,--,V,0,0,--,--,0,+,0,0,S,0,0,0,-,+,0,0,-,T,--,0,++,++,+,-,++,+,L,0,0,--,--,0,+,0,0,S,Vide
-,0,+,+,++,--,++,-,Structure,F,0,0,0,-,+,0,0,-,Structure,T,0,0,--,--,0,+,0,0,Structure,S,0,0,+,--,--,+,-,++,Structure,P,--,0,--,++,-,-,+,+,A,++,-,--,-,--,+,--,--,D,++,-,-,++,--,+,--,--,E,-,0,+,+,++,--,++,-,F,++,+,0,+,0,++,--,++,R,Structure
+,0,++,0,++,--,0,0,Structure,W,--,0,++,0,++,0,++,+,Structure,I,++,+,0,+,0,++,--,++,Structure,R,--,0,++,++,+,-,++,+,Structure,L,--,0,++,++,+,-,++,+,L,--,0,--,++,-,-,+,+,A,--,0,--,--,-,++,+,+,G,++,-,--,-,--,+,--,--,D,0,0,0,-,+,0,0,-,T,Structure
--,0,++,0,++,-,++,--,Structure,V,++,-,--,-,--,+,--,--,Structure,D,--,0,++,++,+,-,++,+,Structure,L,--,0,++,0,++,0,++,+,Structure,I,+,+,0,+,-,+,--,++,K,+,0,-,--,--,0,--,-,N,+,+,0,+,-,+,--,++,K,++,0,-,0,0,--,-,++,H,-,0,+,++,+,--,+,0,M,Structure
+,0,0,+,-,+,--,-,Structure,Q,--,0,++,0,++,-,++,--,Structure,V,+,0,-,--,--,0,--,-,Vide,N,--,0,--,--,-,++,+,+,Vide,G,--,0,++,0,++,-,++,--,V,+,+,0,+,-,+,--,++,K,--,0,--,--,-,++,+,+,G,++,-,--,-,--,+,--,--,D,+,0,-,--,--,0,--,-,N,Vide
--,0,--,--,-,++,+,+,Structure,G,++,+,0,+,0,++,--,++,Structure,R,--,0,++,0,++,0,++,+,Structure,I,--,0,--,++,-,-,+,+,Structure,A,+,0,0,+,-,+,--,-,Q,0,0,0,-,+,0,0,-,T,--,0,++,++,+,-,++,+,L,--,0,++,++,+,-,++,+,L,+,0,-,--,--,0,--,-,N,Structure
--,0,++,0,++,-,++,--,Structure,V,--,0,--,++,-,-,+,+,Structure,A,0,0,+,-,+,0,0,-,Structure,Y,--,0,++,0,++,0,++,+,Structure,I,--,0,--,++,-,-,+,+,A,--,0,++,0,++,0,++,+,I,--,0,--,--,-,++,+,+,G,0,0,--,--,0,+,0,0,S,+,0,-,--,--,0,--,-,N,Structure
+,0,0,+,-,+,--,-,Vide,Q,+,0,0,+,-,+,--,-,Structure,Q,--,0,--,--,-,++,+,+,Structure,G,+,0,-,--,--,0,--,-,Structure,N,++,-,--,-,--,+,--,--,D,--,0,++,++,+,-,++,+,L,+,0,-,--,--,0,--,-,N,--,0,--,++,-,-,+,+,A,--,0,--,--,-,++,+,+,G,Structure
Vide,Vide,Vide,Vide,Vide,Vide,Vide,Vide,Vide,Vide,Vide,Vide,Vide,Vide,Vide,Vide,Vide,Vide,Vide,Vide,Vide,Vide,Vide,Vide,Vide,Vide,Vide,Vide,Vide,Vide,-,0,+,++,+,--,+,0,Vide,M,++,-,--,-,--,+,--,--,D,--,0,++,0,++,-,++,--,V,0,0,--,--,0,+,0,0,S,0,0,+,-,+,0,0,-,Y,--,0,++,++,+,-,++,+,L,Vide
0,0,+,--,--,+,-,++,Vide,P,+,0,0,+,-,+,--,-,Vide,Q,+,0,0,+,-,+,--,-,Structure,Q,+,0,-,--,--,0,--,-,Structure,N,--,0,--,++,-,-,+,+,A,++,-,-,++,--,+,--,--,E,0,0,--,--,0,+,0,0,S,++,+,0,+,0,++,--,++,R,++,+,0,+,0,++,--,++,R,Structure
++,-,-,++,--,+,--,--,Structure,E,+,0,-,--,--,0,--,-,Structure,N,0,0,+,-,+,0,0,-,Structure,Y,--,0,++,++,+,-,++,+,Vide,L,--,0,++,++,+,-,++,+,L,0,0,0,-,+,0,0,-,T,++,-,--,-,--,+,--,--,D,++,-,-,++,--,+,--,--,E,--,0,--,--,-,++,+,+,G,Vide
--,0,++,0,++,0,++,+,Structure,I,++,-,--,-,--,+,--,--,Vide,D,+,0,-,--,--,0,--,-,Vide,N,+,0,0,+,-,+,--,-,Vide,Q,+,0,-,--,--,0,--,-,N,++,-,-,++,--,+,--,--,E,+,+,0,+,-,+,--,++,K,--,0,--,++,-,-,+,+,A,--,0,++,++,+,-,++,+,L,Structure
0,0,0,-,+,0,0,-,Vide,T,++,-,-,++,--,+,--,--,Vide,E,++,+,0,+,0,++,--,++,Vide,R,--,0,++,++,+,-,++,+,Vide,L,0,0,0,-,+,0,0,-,T,--,0,++,0,++,-,++,--,V,0,0,+,--,--,+,-,++,P,++,0,-,0,0,--,-,++,H,0,0,+,-,+,0,0,-,Y,Structure
-,0,+,+,++,--,++,-,Structure,F,--,0,++,0,++,0,++,+,Structure,I,++,-,-,++,--,+,--,--,Structure,E,--,0,++,0,++,-,++,--,Structure,V,++,0,-,0,0,--,-,++,H,+,0,-,--,--,0,--,-,N,+,+,0,+,-,+,--,++,K,--,0,--,--,-,++,+,+,G,0,0,--,--,0,+,0,0,S,Structure
0,0,0,-,+,0,0,-,Vide,T,++,+,0,+,0,++,--,++,Vide,R,++,-,--,-,--,+,--,--,Vide,D,--,0,++,++,+,-,++,+,Vide,L,+,+,0,+,-,+,--,++,K,--,0,++,0,++,0,++,+,I,--,0,++,++,+,-,++,+,L,+,+,0,+,-,+,--,++,K,++,-,--,-,--,+,--,--,D,Vide
--,0,++,0,++,-,++,--,Vide,V,++,-,-,++,--,+,--,--,Vide,E,--,0,++,0,++,-,++,--,Vide,V,-,0,+,++,+,--,+,0,Vide,M,--,0,--,--,-,++,+,+,G,+,0,-,--,--,0,--,-,N,--,0,++,0,++,-,++,--,V,--,0,++,++,+,-,++,+,L,++,-,--,-,--,+,--,--,D,Vide
--,0,--,++,-,-,+,+,Vide,A,-,0,+,+,++,--,++,-,Structure,F,++,-,--,-,--,+,--,--,Structure,D,++,-,-,++,--,+,--,--,Structure,E,-,0,+,+,++,--,++,-,F,0,0,--,--,0,+,0,0,S,0,0,0,-,+,0,0,-,T,0,0,+,--,--,+,-,++,P,--,0,--,++,-,-,+,+,A,Structure
0,0,+,--,--,+,-,++,Vide,P,--,0,--,++,-,-,+,+,Vide,A,++,-,--,-,--,+,--,--,Structure,D,0,0,+,--,--,+,-,++,Structure,P,--,0,++,++,+,-,++,+,L,0,0,0,-,+,0,0,-,T,--,0,++,++,+,-,++,+,L,-,0,+,+,++,--,++,-,F,++,-,-,++,--,+,--,--,E,Structure
++,+,0,+,0,++,--,++,Structure,R,--,0,--,++,-,-,+,+,Structure,A,+,+,0,+,-,+,--,++,Structure,K,--,0,--,++,-,-,+,+,Structure,A,0,0,--,--,0,+,0,0,S,--,0,--,++,-,-,+,+,A,+,0,0,+,-,+,--,-,Q,--,0,++,++,+,-,++,+,L,++,-,-,++,--,+,--,--,E,Structure
--,0,++,0,++,0,++,+,Structure,I,+,+,0,+,-,+,--,++,Structure,K,--,0,--,++,-,-,+,+,Structure,A,+,+,0,+,-,+,--,++,Structure,K,-,0,-,-,0,-,+,--,C,++,+,0,+,0,++,--,++,R,++,-,--,-,--,+,--,--,D,--,0,--,--,-,++,+,+,G,-,0,+,+,++,--,++,-,F,Structure
0,0,+,-,+,0,0,-,Structure,Y,0,0,0,-,+,0,0,-,Structure,T,--,0,--,++,-,-,+,+,Structure,A,--,0,--,--,-,++,+,+,Vide,G,--,0,--,--,-,++,+,+,G,--,0,++,++,+,-,++,+,L,0,0,+,--,--,+,-,++,P,--,0,++,++,+,-,++,+,L,+,0,0,+,-,+,--,-,Q,Vide
--,0,--,--,-,++,+,+,Structure,G,--,0,--,++,-,-,+,+,Structure,A,0,0,0,-,+,0,0,-,Structure,T,--,0,++,0,++,-,++,--,Structure,V,0,0,0,-,+,0,0,-,T,--,0,++,0,++,0,++,+,I,-,0,+,++,+,--,+,0,M,-,0,-,-,0,-,+,--,C,--,0,--,++,-,-,+,+,A,Structure
--,0,--,++,-,-,+,+,Structure,A,--,0,--,++,-,-,+,+,Vide,A,--,0,--,++,-,-,+,+,Vide,A,++,-,--,-,--,+,--,--,Vide,D,0,0,+,--,--,+,-,++,P,--,0,++,0,++,0,++,+,I,++,0,-,0,0,--,-,++,H,0,0,+,-,+,0,0,-,Y,++,-,--,-,--,+,--,--,D,Vide
0,0,--,--,0,+,0,0,Structure,S,--,0,--,--,-,++,+,+,Structure,G,0,0,0,-,+,0,0,-,Structure,T,--,0,++,0,++,-,++,--,Structure,V,+,+,0,+,-,+,--,++,K,0,0,+,-,+,0,0,-,Y,0,0,--,--,0,+,0,0,S,--,0,--,--,-,++,+,+,G,0,0,--,--,0,+,0,0,S,Structure
0,0,0,-,+,0,0,-,Structure,T,+,0,++,0,++,--,0,0,Structure,W,++,-,-,++,--,+,--,--,Structure,E,0,0,--,--,0,+,0,0,Structure,S,--,0,++,0,++,0,++,+,I,--,0,--,--,-,++,+,+,G,++,+,0,+,0,++,--,++,R,0,0,+,--,--,+,-,++,P,--,0,++,++,+,-,++,+,L,Structure
--,0,--,++,-,-,+,+,Vide,A,--,0,++,0,++,0,++,+,Vide,I,--,0,++,0,++,-,++,--,Vide,V,++,-,-,++,--,+,--,--,Vide,E,--,0,--,--,-,++,+,+,G,--,0,++,++,+,-,++,+,L,--,0,--,++,-,-,+,+,A,+,0,0,+,-,+,--,-,Q,++,+,0,+,0,++,--,++,R,Vide
++,-,--,-,--,+,--,--,Vide,D,+,+,0,+,-,+,--,++,Vide,K,++,-,-,++,--,+,--,--,Vide,E,--,0,++,++,+,-,++,+,Structure,L,0,0,+,--,--,+,-,++,P,0,0,+,-,+,0,0,-,Y,-,0,+,++,+,--,+,0,M,+,0,-,--,--,0,--,-,N,-,0,+,+,++,--,++,-,F,Structure
--,0,--,++,-,-,+,+,Structure,A,--,0,--,++,-,-,+,+,Structure,A,--,0,++,++,+,-,++,+,Structure,L,+,+,0,+,-,+,--,++,Structure,K,--,0,--,++,-,-,+,+,A,--,0,++,++,+,-,++,+,L,--,0,--,--,-,++,+,+,G,++,-,--,-,--,+,--,--,D,--,0,++,0,++,0,++,+,I,Structure
0,0,+,-,+,0,0,-,Vide,Y,--,0,--,--,-,++,+,+,Vide,G,--,0,--,--,-,++,+,+,Vide,G,-,0,+,++,+,--,+,0,Vide,M,++,+,0,+,0,++,--,++,R,-,0,+,+,++,--,++,-,F,-,0,+,+,++,--,++,-,F,++,-,-,++,--,+,--,--,E,++,+,0,+,0,++,--,++,R,Structure
+,0,0,+,-,+,--,-,Structure,Q,++,+,0,+,0,++,--,++,Vide,R,--,0,--,++,-,-,+,+,Vide,A,++,-,-,++,--,+,--,--,Vide,E,+,0,0,+,-,+,--,-,Q,--,0,--,++,-,-,+,+,A,--,0,--,++,-,-,+,+,A,0,0,+,--,--,+,-,++,P,++,-,-,++,--,+,--,--,E,Vide
--,0,--,--,-,++,+,+,Vide,G,+,0,0,+,-,+,--,-,Vide,Q,--,0,++,0,++,0,++,+,Vide,I,+,0,-,--,--,0,--,-,Vide,N,--,0,++,++,+,-,++,+,L,+,+,0,+,-,+,--,++,K,++,-,--,-,--,+,--,--,D,0,0,--,--,0,+,0,0,S,--,0,++,0,++,-,++,--,V,Vide
--,0,--,--,-,++,+,+,Vide,G,--,0,--,--,-,++,+,+,Vide,G,--,0,++,0,++,-,++,--,Vide,V,0,0,+,-,+,0,0,-,Vide,Y,++,+,0,+,0,++,--,++,R,--,0,++,0,++,-,++,--,V,--,0,++,++,+,-,++,+,L,0,0,+,--,--,+,-,++,P,++,-,--,-,--,+,--,--,D,Vide
--,0,--,++,-,-,+,+,Structure,A,++,+,0,+,0,++,--,++,Structure,R,--,0,--,++,-,-,+,+,Structure,A,--,0,--,++,-,-,+,+,Structure,A,--,0,--,++,-,-,+,+,A,-,0,+,++,+,--,+,0,M,+,0,-,--,--,0,--,-,N,0,0,+,--,--,+,-,++,P,0,0,0,-,+,0,0,-,T,Structure
--,0,--,++,-,-,+,+,Structure,A,--,0,--,--,-,++,+,+,Structure,G,+,0,-,--,--,0,--,-,Structure,N,--,0,--,++,-,-,+,+,Structure,A,0,0,0,-,+,0,0,-,T,-,0,+,++,+,--,+,0,M,--,0,++,++,+,-,++,+,L,-,0,+,+,++,--,++,-,F,0,0,+,-,+,0,0,-,Y,Structure
+,0,-,--,--,0,--,-,Vide,N,--,0,--,++,-,-,+,+,Vide,A,+,+,0,+,-,+,--,++,Vide,K,--,0,--,--,-,++,+,+,Vide,G,+,0,0,+,-,+,--,-,Q,--,0,++,++,+,-,++,+,L,--,0,++,++,+,-,++,+,L,--,0,++,0,++,-,++,--,V,0,0,0,-,+,0,0,-,T,Vide
+,0,0,+,-,+,--,-,Vide,Q,--,0,++,0,++,-,++,--,Vide,V,0,0,+,--,--,+,-,++,Vide,P,++,-,--,-,--,+,--,--,Vide,D,++,-,-,++,--,+,--,--,E,--,0,++,0,++,-,++,--,V,+,+,0,+,-,+,--,++,K,0,0,--,--,0,+,0,0,S,0,0,--,--,0,+,0,0,S,Vide
+,0,-,--,--,0,--,-,Vide,N,0,0,--,--,0,+,0,0,Vide,S,++,0,-,0,0,--,-,++,Vide,H,0,0,--,--,0,+,0,0,Vide,S,0,0,+,-,+,0,0,-,Y,-,0,-,-,0,-,+,--,C,-,0,+,+,++,--,++,-,F,++,-,-,++,--,+,--,--,E,--,0,++,0,++,0,++,+,I,Structure
--,0,++,0,++,0,++,+,Structure,I,++,+,0,+,0,++,--,++,Structure,R,+,0,0,+,-,+,--,-,Structure,Q,+,+,0,+,-,+,--,++,Structure,K,--,0,++,0,++,-,++,--,V,++,-,-,++,--,+,--,--,E,+,+,0,+,-,+,--,++,K,--,0,++,++,+,-,++,+,L,++,-,--,-,--,+,--,--,D,Structure
+,0,++,0,++,--,0,0,Vide,W,--,0,--,--,-,++,+,+,Vide,G,0,0,+,-,+,0,0,-,Structure,Y,++,+,0,+,0,++,--,++,Structure,R,--,0,--,--,-,++,+,+,G,--,0,--,--,-,++,+,+,G,0,0,0,-,+,0,0,-,T,--,0,++,++,+,-,++,+,L,++,-,--,-,--,+,--,--,D,Structure
++,-,-,++,--,+,--,--,Vide,E,++,-,--,-,--,+,--,--,Vide,D,++,-,-,++,--,+,--,--,Vide,E,--,0,++,0,++,0,++,+,Vide,I,--,0,++,0,++,-,++,--,V,--,0,++,0,++,0,++,+,I,++,-,--,-,--,+,--,--,D,++,+,0,+,0,++,--,++,R,+,+,0,+,-,+,--,++,K,Vide
0,0,0,-,+,0,0,-,Vide,T,--,0,--,--,-,++,+,+,Vide,G,--,0,++,0,++,-,++,--,Vide,V,+,+,0,+,-,+,--,++,Vide,K,--,0,--,--,-,++,+,+,G,+,+,0,+,-,+,--,++,K,--,0,++,++,+,-,++,+,L,0,0,+,--,--,+,-,++,P,0,0,0,-,+,0,0,-,T,Vide
++,-,--,-,--,+,--,--,Vide,D,--,0,++,0,++,0,++,+,Vide,I,0,0,+,--,--,+,-,++,Vide,P,--,0,++,++,+,-,++,+,Vide,L,--,0,++,0,++,-,++,--,V,0,0,--,--,0,+,0,0,S,--,0,--,++,-,-,+,+,A,0,0,+,--,--,+,-,++,P,++,-,-,++,--,+,--,--,E,Vide
0,0,+,--,--,+,-,++,Vide,P,0,0,0,-,+,0,0,-,Vide,T,--,0,++,++,+,-,++,+,Vide,L,++,-,-,++,--,+,--,--,Vide,E,++,-,--,-,--,+,--,--,D,0,0,0,-,+,0,0,-,T,--,0,--,--,-,++,+,+,G,0,0,+,-,+,0,0,-,Y,+,0,0,+,-,+,--,-,Q,Vide
0,0,--,--,0,+,0,0,Structure,S,++,+,0,+,0,++,--,++,Structure,R,-,0,+,+,++,--,++,-,Structure,F,--,0,++,0,++,0,++,+,Structure,I,--,0,--,--,-,++,+,+,G,++,-,-,++,--,+,--,--,E,--,0,++,++,+,-,++,+,L,0,0,+,--,--,+,-,++,P,++,-,-,++,--,+,--,--,E,Structure
--,0,++,++,+,-,++,+,Vide,L,--,0,--,++,-,-,+,+,Vide,A,++,-,-,++,--,+,--,--,Vide,E,--,0,++,0,++,0,++,+,Vide,I,0,0,0,-,+,0,0,-,T,0,0,+,--,--,+,-,++,P,--,0,--,++,-,-,+,+,A,--,0,--,++,-,-,+,+,A,--,0,--,++,-,-,+,+,A,Vide
+,0,0,+,-,+,--,-,Structure,Q,--,0,--,--,-,++,+,+,Structure,G,++,-,--,-,--,+,--,--,Structure,D,--,0,++,0,++,0,++,+,Structure,I,++,+,0,+,0,++,--,++,R,-,0,+,+,++,--,++,-,F,--,0,--,++,-,-,+,+,A,++,-,--,-,--,+,--,--,D,--,0,++,0,++,-,++,--,V,Structure
--,0,--,++,-,-,+,+,Vide,A,++,-,--,-,--,+,--,--,Structure,D,0,0,+,--,--,+,-,++,Structure,P,0,0,--,--,0,+,0,0,Structure,S,--,0,--,++,-,-,+,+,A,0,0,0,-,+,0,0,-,T,--,0,++,++,+,-,++,+,L,-,0,-,-,0,-,+,--,C,-,0,+,+,++,--,++,-,F,Structure
+,0,-,--,--,0,--,-,Structure,N,--,0,++,0,++,-,++,--,Structure,V,++,-,--,-,--,+,--,--,Vide,D,+,0,0,+,-,+,--,-,Vide,Q,0,0,+,--,--,+,-,++,P,--,0,--,++,-,-,+,+,A,--,0,--,++,-,-,+,+,A,0,0,0,-,+,0,0,-,T,-,0,-,-,0,-,+,--,C,Vide
0,0,+,-,+,0,0,-,Vide,Y,+,0,-,--,--,0,--,-,Vide,N,-,0,+,+,++,--,++,-,Vide,F,--,0,++,0,++,0,++,+,Vide,I,0,0,0,-,+,0,0,-,T,0,0,0,-,+,0,0,-,T,--,0,--,++,-,-,+,+,A,--,0,--,--,-,++,+,+,G,--,0,++,++,+,-,++,+,L,Vide
--,0,++,++,+,-,++,+,Structure,L,+,0,0,+,-,+,--,-,Structure,Q,++,-,--,-,--,+,--,--,Structure,D,--,0,++,0,++,-,++,--,Structure,V,+,+,0,+,-,+,--,++,K,--,0,--,++,-,-,+,+,A,--,0,--,++,-,-,+,+,A,+,0,-,--,--,0,--,-,N,--,0,--,++,-,-,+,+,A,Structure
--,0,++,0,++,0,++,+,Vide,I,--,0,++,0,++,-,++,--,Vide,V,--,0,++,0,++,-,++,--,Vide,V,++,-,-,++,--,+,--,--,Vide,E,++,-,--,-,--,+,--,--,D,++,-,--,-,--,+,--,--,D,--,0,--,--,-,++,+,+,G,0,0,+,--,--,+,-,++,P,--,0,--,--,-,++,+,+,G,Vide
++,-,--,-,--,+,--,--,Structure,D,--,0,++,++,+,-,++,+,Structure,L,-,0,+,+,++,--,++,-,Vide,F,0,0,+,--,--,+,-,++,Vide,P,-,0,+,++,+,--,+,0,M,--,0,--,--,-,++,+,+,G,0,0,--,--,0,+,0,0,S,++,-,-,++,--,+,--,--,E,--,0,++,++,+,-,++,+,L,Vide
++,-,--,-,--,+,--,--,Structure,D,-,0,+,++,+,--,+,0,Vide,M,+,0,-,--,--,0,--,-,Vide,N,--,0,++,0,++,0,++,+,Vide,I,0,0,--,--,0,+,0,0,S,0,0,+,--,--,+,-,++,P,0,0,0,-,+,0,0,-,T,++,-,--,-,--,+,--,--,D,--,0,++,++,+,-,++,+,L,Vide
--,0,--,--,-,++,+,+,Vide,G,+,0,-,--,--,0,--,-,Vide,N,0,0,+,--,--,+,-,++,Vide,P,--,0,--,--,-,++,+,+,Vide,G,0,0,+,--,--,+,-,++,P,--,0,--,--,-,++,+,+,G,--,0,--,--,-,++,+,+,G,0,0,+,-,+,0,0,-,Y,--,0,--,--,-,++,+,+,G,Structure
++,-,-,++,--,+,--,--,Vide,E,--,0,--,--,-,++,+,+,Vide,G,+,0,0,+,-,+,--,-,Vide,Q,--,0,--,++,-,-,+,+,Vide,A,++,-,--,-,--,+,--,--,D,0,0,0,-,+,0,0,-,T,+,0,++,0,++,--,0,0,W,+,0,0,+,-,+,--,-,Q,++,-,--,-,--,+,--,--,D,Vide
0,0,--,--,0,+,0,0,Vide,S,0,0,0,-,+,0,0,-,Vide,T,-,0,+,+,++,--,++,-,Vide,F,--,0,--,--,-,++,+,+,Vide,G,--,0,--,--,-,++,+,+,G,+,+,0,+,-,+,--,++,K,0,0,0,-,+,0,0,-,T,--,0,--,++,-,-,+,+,A,0,0,0,-,+,0,0,-,T,Vide
0,0,0,-,+,0,0,-,Structure,T,--,0,++,0,++,-,++,--,Vide,V,--,0,++,++,+,-,++,+,Vide,L,0,0,+,--,--,+,-,++,Vide,P,0,0,0,-,+,0,0,-,T,-,0,+,+,++,--,++,-,F,+,+,0,+,-,+,--,++,K,--,0,--,--,-,++,+,+,G,+,0,0,+,-,+,--,-,Q,Vide
0,0,--,--,0,+,0,0,Structure,S,--,0,--,++,-,-,+,+,Structure,A,+,0,0,+,-,+,--,-,Structure,Q,-,0,+,++,+,--,+,0,Structure,M,--,0,--,++,-,-,+,+,A,++,+,0,+,0,++,--,++,R,++,+,0,+,0,++,--,++,R,--,0,++,++,+,-,++,+,L,+,0,0,+,-,+,--,-,Q,Structure
--,0,--,++,-,-,+,+,Structure,A,--,0,--,--,-,++,+,+,Structure,G,0,0,+,-,+,0,0,-,Vide,Y,--,0,++,++,+,-,++,+,Structure,L,-,0,+,+,++,--,++,-,F,++,0,-,0,0,--,-,++,H,--,0,--,--,-,++,+,+,G,+,0,0,+,-,+,--,-,Q,--,0,++,++,+,-,++,+,L,Structure
0,0,0,-,+,0,0,-,Vide,T,0,0,+,--,--,+,-,++,Vide,P,+,0,-,--,--,0,--,-,Vide,N,0,0,--,--,0,+,0,0,Vide,S,--,0,++,++,+,-,++,+,L,--,0,++,0,++,0,++,+,I,--,0,++,0,++,-,++,--,V,0,0,+,--,--,+,-,++,P,+,0,-,--,--,0,--,-,N,Vide
--,0,--,++,-,-,+,+,Structure,A,++,+,0,+,0,++,--,++,Structure,R,+,0,0,+,-,+,--,-,Structure,Q,--,0,--,++,-,-,+,+,Structure,A,+,+,0,+,-,+,--,++,K,++,-,-,++,--,+,--,--,E,--,0,--,++,-,-,+,+,A,--,0,--,--,-,++,+,+,G,--,0,++,++,+,-,++,+,L,Structure
0,0,0,-,+,0,0,-,Structure,T,--,0,--,++,-,-,+,+,Structure,A,++,-,--,-,--,+,--,--,Structure,D,+,0,-,--,--,0,--,-,Structure,N,0,0,0,-,+,0,0,-,T,+,0,0,+,-,+,--,-,Q,--,0,++,0,++,-,++,--,V,--,0,++,++,+,-,++,+,L,0,0,+,-,+,0,0,-,Y,Structure
--,0,++,0,++,0,++,+,Structure,I,0,0,+,--,--,+,-,++,Vide,P,++,+,0,+,0,++,--,++,Vide,R,0,0,--,--,0,+,0,0,Structure,S,0,0,+,-,+,0,0,-,Y,++,+,0,+,0,++,--,++,R,0,0,0,-,+,0,0,-,T,-,0,+,++,+,--,+,0,M,++,-,-,++,--,+,--,--,E,Structure
--,0,--,--,-,++,+,+,Vide,G,++,-,--,-,--,+,--,--,Vide,D,0,0,--,--,0,+,0,0,Structure,S,--,0,--,--,-,++,+,+,Structure,G,0,0,--,--,0,+,0,0,S,0,0,+,--,--,+,-,++,P,--,0,++,++,+,-,++,+,L,-,0,+,+,++,--,++,-,F,--,0,--,++,-,-,+,+,A,Structure
0,0,+,--,--,+,-,++,Vide,P,--,0,++,0,++,-,++,--,Structure,V,+,0,++,0,++,--,0,0,Structure,W,--,0,--,++,-,-,+,+,Structure,A,0,0,0,-,+,0,0,-,T,-,0,+,+,++,--,++,-,F,++,+,0,+,0,++,--,++,R,++,+,0,+,0,++,--,++,R,Vide,Vide,Vide,Vide,Vide,Vide,Vide,Vide,Vide,Structure
+,+,0,+,-,+,--,++,Structure,K,++,0,-,0,0,--,-,++,Structure,H,--,0,++,++,+,-,++,+,Structure,L,0,0,+,-,+,0,0,-,Structure,Y,0,0,--,--,0,+,0,0,S,0,0,--,--,0,+,0,0,S,++,-,-,++,--,+,--,--,E,0,0,--,--,0,+,0,0,S,++,-,-,++,--,+,--,--,E,Structure
--,0,--,--,-,++,+,+,Vide,G,++,-,-,++,--,+,--,--,Vide,E,+,0,-,--,--,0,--,-,Vide,N,--,0,--,++,-,-,+,+,Vide,A,--,0,++,++,+,-,++,+,L,--,0,--,++,-,-,+,+,A,--,0,++,0,++,0,++,+,I,0,0,--,--,0,+,0,0,S,++,+,0,+,0,++,--,++,R,Vide
+,+,0,+,-,+,--,++,Structure,K,--,0,--,++,-,-,+,+,Structure,A,+,+,0,+,-,+,--,++,Vide,K,--,0,--,--,-,++,+,+,Vide,G,+,+,0,+,-,+,--,++,K,0,0,--,--,0,+,0,0,S,--,0,--,++,-,-,+,+,A,--,0,++,++,+,-,++,+,L,-,0,+,++,+,--,+,0,M,Vide
++,-,-,++,--,+,--,--,Vide,E,0,0,--,--,0,+,0,0,Vide,S,+,0,-,--,--,0,--,-,Vide,N,--,0,--,++,-,-,+,+,Vide,A,0,0,+,-,+,0,0,-,Y,--,0,--,++,-,-,+,+,A,0,0,0,-,+,0,0,-,T,-,0,-,-,0,-,+,--,C,--,0,++,0,++,-,++,--,V,Vide
+,+,0,+,-,+,--,++,Structure,K,--,0,--,--,-,++,+,+,Structure,G,++,-,-,++,--,+,--,--,Structure,E,--,0,++,0,++,0,++,+,Structure,I,-,0,+,++,+,--,+,0,M,0,0,+,--,--,+,-,++,P,+,0,-,--,--,0,--,-,N,--,0,++,0,++,0,++,+,I,0,0,+,--,--,+,-,++,P,Vide
--,0,++,++,+,-,++,+,Vide,L,0,0,0,-,+,0,0,-,Vide,T,++,0,-,0,0,--,-,++,Vide,H,--,0,--,--,-,++,+,+,Vide,G,++,+,0,+,0,++,--,++,R,++,-,--,-,--,+,--,--,D,--,0,++,0,++,-,++,--,V,++,-,-,++,--,+,--,--,E,--,0,++,0,++,0,++,+,I,Vide
--,0,++,0,++,0,++,+,Vide,I,++,-,-,++,--,+,--,--,Vide,E,--,0,--,--,-,++,+,+,Vide,G,+,0,0,+,-,+,--,-,Vide,Q,--,0,++,0,++,-,++,--,V,+,+,0,+,-,+,--,++,K,--,0,++,0,++,-,++,--,V,+,+,0,+,-,+,--,++,K,-,0,+,+,++,--,++,-,F,Vide
--,0,--,++,-,-,+,+,Vide,A,++,-,--,-,--,+,--,--,Vide,D,--,0,++,0,++,0,++,+,Vide,I,0,0,+,--,--,+,-,++,Vide,P,--,0,++,++,+,-,++,+,L,--,0,--,--,-,++,+,+,G,-,0,+,++,+,--,+,0,M,--,0,++,0,++,0,++,+,I,++,+,0,+,0,++,--,++,R,Vide
0,0,0,-,+,0,0,-,Vide,T,--,0,--,++,-,-,+,+,Vide,A,0,0,0,-,+,0,0,-,Vide,T,0,0,+,--,--,+,-,++,Vide,P,0,0,--,--,0,+,0,0,S,0,0,+,--,--,+,-,++,P,--,0,--,++,-,-,+,+,A,++,-,--,-,--,+,--,--,D,++,-,-,++,--,+,--,--,E,Vide
++,0,-,0,0,--,-,++,Vide,H,--,0,++,++,+,-,++,+,Vide,L,++,+,0,+,0,++,--,++,Vide,R,++,+,0,+,0,++,--,++,Vide,R,++,-,-,++,--,+,--,--,E,0,0,+,-,+,0,0,-,Y,0,0,0,-,+,0,0,-,T,+,+,0,+,-,+,--,++,K,--,0,--,--,-,++,+,+,G,Vide
0,0,--,--,0,+,0,0,Vide,S,+,0,-,--,--,0,--,-,Structure,N,++,-,--,-,--,+,--,--,Structure,D,+,0,-,--,--,0,--,-,Structure,N,++,+,0,+,0,++,--,++,R,--,0,++,0,++,0,++,+,I,+,0,++,0,++,--,0,0,W,0,0,0,-,+,0,0,-,T,-,0,+,+,++,--,++,-,F,Structure
++,-,--,-,--,+,--,--,Structure,D,--,0,--,++,-,-,+,+,Structure,A,--,0,++,0,++,0,++,+,Structure,I,--,0,--,++,-,-,+,+,Structure,A,++,+,0,+,0,++,--,++,R,--,0,--,--,-,++,+,+,G,++,-,-,++,--,+,--,--,E,--,0,++,0,++,0,++,+,I,+,+,0,+,-,+,--,++,K,Structure
++,+,0,+,0,++,--,++,Structure,R,--,0,++,0,++,0,++,+,Structure,I,--,0,--,--,-,++,+,+,Structure,G,--,0,++,++,+,-,++,+,Structure,L,++,-,--,-,--,+,--,--,D,+,0,0,+,-,+,--,-,Q,--,0,++,++,+,-,++,+,L,0,0,+,-,+,0,0,-,Y,+,0,0,+,-,+,--,-,Q,Structure
--,0,--,--,-,++,+,+,Structure,G,--,0,++,0,++,0,++,+,Structure,I,+,+,0,+,-,+,--,++,Structure,K,--,0,--,++,-,-,+,+,Structure,A,0,0,--,--,0,+,0,0,S,--,0,--,--,-,++,+,+,G,-,0,-,-,0,-,+,--,C,+,0,-,--,--,0,--,-,N,++,+,0,+,0,++,--,++,R,Structure
--,0,--,++,-,-,+,+,Vide,A,0,0,0,-,+,0,0,-,Vide,T,0,0,+,-,+,0,0,-,Vide,Y,+,0,-,--,--,0,--,-,Vide,N,++,-,--,-,--,+,--,--,D,++,0,-,0,0,--,-,++,H,++,+,0,+,0,++,--,++,R,-,0,+,++,+,--,+,0,M,--,0,--,++,-,-,+,+,A,Structure
--,0,++,0,++,-,++,--,Structure,V,--,0,++,0,++,0,++,+,Structure,I,+,0,++,0,++,--,0,0,Structure,W,0,0,+,--,--,+,-,++,Vide,P,+,0,0,+,-,+,--,-,Q,--,0,--,--,-,++,+,+,G,++,+,0,+,0,++,--,++,R,--,0,--,++,-,-,+,+,A,0,0,+,--,--,+,-,++,P,Vide
++,+,0,+,0,++,--,++,Structure,R,--,0,++,0,++,0,++,+,Structure,I,+,0,++,0,++,--,0,0,Structure,W,0,0,0,-,+,0,0,-,Vide,T,-,0,+,+,++,--,++,-,F,0,0,0,-,+,0,0,-,T,--,0,++,++,+,-,++,+,L,++,+,0,+,0,++,--,++,R,++,-,--,-,--,+,--,--,D,Vide
--,0,++,++,+,-,++,+,Vide,L,++,-,--,-,--,+,--,--,Vide,D,+,0,-,--,--,0,--,-,Vide,N,+,0,0,+,-,+,--,-,Vide,Q,0,0,--,--,0,+,0,0,S,--,0,++,0,++,-,++,--,V,--,0,++,++,+,-,++,+,L,+,0,-,--,--,0,--,-,N,--,0,++,0,++,0,++,+,I,Vide
--,0,++,0,++,0,++,+,Vide,I,++,-,-,++,--,+,--,--,Vide,E,-,0,+,+,++,--,++,-,Vide,F,0,0,0,-,+,0,0,-,Vide,T,0,0,--,--,0,+,0,0,S,+,0,++,0,++,--,0,0,W,0,0,+,--,--,+,-,++,P,--,0,--,--,-,++,+,+,G,++,0,-,0,0,--,-,++,H,Vide
--,0,--,++,-,-,+,+,Structure,A,++,-,-,++,--,+,--,--,Structure,E,-,0,+,+,++,--,++,-,Structure,F,0,0,--,--,0,+,0,0,Vide,S,+,+,0,+,-,+,--,++,K,+,+,0,+,-,+,--,++,K,Vide,Vide,Vide,Vide,Vide,Vide,Vide,Vide,Vide,Vide,Vide,Vide,Vide,Vide,Vide,Vide,Vide,Vide,Vide,Vide,Vide,Vide,Vide,Vide,Vide,Vide,Vide,Vide
--,0,--,--,-,++,+,+,Vide,G,0,0,0,-,+,0,0,-,Vide,T,0,0,+,--,--,+,-,++,Vide,P,0,0,--,--,0,+,0,0,Vide,S,-,0,+,+,++,--,++,-,F,-,0,+,+,++,--,++,-,F,--,0,++,0,++,-,++,--,V,++,0,-,0,0,--,-,++,H,0,0,+,--,--,+,-,++,P,Vide
--,0,--,--,-,++,+,+,Vide,G,0,0,--,--,0,+,0,0,Vide,S,0,0,--,--,0,+,0,0,Vide,S,++,0,-,0,0,--,-,++,Vide,H,++,0,-,0,0,--,-,++,H,++,0,-,0,0,--,-,++,H,++,0,-,0,0,--,-,++,H,++,0,-,0,0,--,-,++,H,++,0,-,0,0,--,-,++,H,Vide
++,-,-,++,--,+,--,--,Structure,E,+,0,0,+,-,+,--,-,Structure,Q,+,0,0,+,-,+,--,-,Structure,Q,0,0,0,-,+,0,0,-,Structure,T,++,+,0,+,0,++,--,++,R,0,0,+,-,+,0,0,-,Y,-,0,+,+,++,--,++,-,F,++,-,-,++,--,+,--,--,E,++,+,0,+,0,++,--,++,R,Structure
+,0,-,--,--,0,--,-,Structure,N,++,+,0,+,0,++,--,++,Structure,R,++,-,-,++,--,+,--,--,Structure,E,--,0,--,++,-,-,+,+,Structure,A,++,+,0,+,0,++,--,++,R,+,+,0,+,-,+,--,++,K,++,+,0,+,0,++,--,++,R,--,0,++,++,+,-,++,+,L,0,0,--,--,0,+,0,0,S,Structure
0,0,+,--,--,+,-,++,Vide,P,++,-,-,++,--,+,--,--,Vide,E,--,0,++,0,++,0,++,+,Vide,I,0,0,--,--,0,+,0,0,Vide,S,-,0,+,+,++,--,++,-,F,--,0,++,0,++,-,++,--,V,--,0,--,--,-,++,+,+,G,++,-,-,++,--,+,--,--,E,+,0,0,+,-,+,--,-,Q,Vide
+,0,-,--,--,0,--,-,Structure,N,-,0,+,++,+,--,+,0,Structure,M,--,0,--,++,-,-,+,+,Structure,A,+,+,0,+,-,+,--,++,Structure,K,+,0,0,+,-,+,--,-,Q,0,0,0,-,+,0,0,-,T,+,0,0,+,-,+,--,-,Q,--,0,++,0,++,0,++,+,I,+,0,-,--,--,0,--,-,N,Structure
0,0,--,--,0,+,0,0,Vide,S,--,0,++,++,+,-,++,+,Vide,L,--,0,--,++,-,-,+,+,Structure,A,0,0,+,--,--,+,-,++,Structure,P,++,-,-,++,--,+,--,--,E,++,-,-,++,--,+,--,--,E,--,0,++,++,+,-,++,+,L,--,0,++,++,+,-,++,+,L,+,0,-,--,--,0,--,-,N,Structure
++,-,-,++,--,+,--,--,Structure,E,++,-,-,++,--,+,--,--,Structure,E,--,0,++,0,++,0,++,+,Structure,I,--,0,--,++,-,-,+,+,Structure,A,++,+,0,+,0,++,--,++,R,--,0,--,++,-,-,+,+,A,--,0,++,++,+,-,++,+,L,+,+,0,+,-,+,--,++,K,+,+,0,+,-,+,--,++,K,Structure
0,0,0,-,+,0,0,-,Vide,T,--,0,--,++,-,-,+,+,Vide,A,--,0,++,0,++,0,++,+,Vide,I,-,0,+,+,++,--,++,-,Vide,F,+,0,0,+,-,+,--,-,Q,++,-,--,-,--,+,--,--,D,0,0,0,-,+,0,0,-,T,--,0,++,0,++,-,++,--,V,++,+,0,+,0,++,--,++,R,Vide
--,0,++,0,++,-,++,--,Vide,V,--,0,--,--,-,++,+,+,Vide,G,--,0,--,--,-,++,+,+,Vide,G,0,0,0,-,+,0,0,-,Vide,T,0,0,0,-,+,0,0,-,T,--,0,++,0,++,-,++,--,V,+,0,0,+,-,+,--,-,Q,0,0,0,-,+,0,0,-,T,+,0,++,0,++,--,0,0,W,Vide
++,0,-,0,0,--,-,++,Vide,H,0,0,0,-,+,0,0,-,Vide,T,++,0,-,0,0,--,-,++,Vide,H,++,+,0,+,0,++,--,++,Vide,R,+,0,0,+,-,+,--,-,Q,--,0,--,++,-,-,+,+,A,--,0,++,++,+,-,++,+,L,++,-,-,++,--,+,--,--,E,+,0,-,--,--,0,--,-,N,Vide
--,0,--,++,-,-,+,+,Vide,A,--,0,++,0,++,-,++,--,Vide,V,--,0,--,++,-,-,+,+,Vide,A,--,0,--,++,-,-,+,+,Vide,A,--,0,++,0,++,0,++,+,I,++,-,-,++,--,+,--,--,E,+,+,0,+,-,+,--,++,K,0,0,--,--,0,+,0,0,S,++,-,-,++,--,+,--,--,E,Vide
--,0,--,--,-,++,+,+,Structure,G,--,0,++,++,+,-,++,+,Structure,L,-,0,+,+,++,--,++,-,Structure,F,--,0,--,--,-,++,+,+,Structure,G,--,0,--,++,-,-,+,+,A,--,0,++,++,+,-,++,+,L,--,0,--,++,-,-,+,+,A,--,0,++,0,++,-,++,--,V,+,+,0,+,-,+,--,++,K,Structure
--,0,--,++,-,-,+,+,Vide,A,--,0,--,--,-,++,+,+,Vide,G,++,-,-,++,--,+,--,--,Vide,E,+,0,0,+,-,+,--,-,Vide,Q,++,+,0,+,0,++,--,++,R,--,0,++,++,+,-,++,+,L,--,0,++,++,+,-,++,+,L,--,0,--,--,-,++,+,+,G,++,-,-,++,--,+,--,--,E,Vide
0,0,--,--,0,+,0,0,Structure,S,++,+,0,+,0,++,--,++,Structure,R,0,0,+,-,+,0,0,-,Structure,Y,+,0,++,0,++,--,0,0,Vide,W,+,0,0,+,-,+,--,-,Q,0,0,0,-,+,0,0,-,T,--,0,--,--,-,++,+,+,G,++,-,--,-,--,+,--,--,D,-,0,+,++,+,--,+,0,M,Vide
--,0,++,++,+,-,++,+,Vide,L,+,+,0,+,-,+,--,++,Vide,K,0,0,+,--,--,+,-,++,Vide,P,--,0,--,++,-,-,+,+,Vide,A,--,0,++,++,+,-,++,+,L,--,0,--,++,-,-,+,+,A,++,+,0,+,0,++,--,++,R,--,0,--,--,-,++,+,+,G,++,-,-,++,--,+,--,--,E,Vide
++,-,-,++,--,+,--,--,Vide,E,++,-,--,-,--,+,--,--,Vide,D,--,0,++,++,+,-,++,+,Structure,L,--,0,++,0,++,-,++,--,Structure,V,--,0,++,0,++,-,++,--,V,++,-,-,++,--,+,--,--,E,--,0,++,0,++,0,++,+,I,0,0,+,--,--,+,-,++,P,++,+,0,+,0,++,--,++,R,Structure
+,0,0,+,-,+,--,-,Structure,Q,0,0,+,-,+,0,0,-,Structure,Y,++,-,-,++,--,+,--,--,Structure,E,++,+,0,+,0,++,--,++,Structure,R,+,0,++,0,++,--,0,0,W,--,0,++,0,++,-,++,--,V,--,0,++,0,++,0,++,+,I,0,0,--,--,0,+,0,0,S,--,0,--,--,-,++,+,+,G,Structure
--,0,++,++,+,-,++,+,Vide,L,--,0,++,0,++,-,++,--,Vide,V,--,0,++,0,++,-,++,--,Vide,V,--,0,++,0,++,0,++,+,Vide,I,++,-,-,++,--,+,--,--,E,++,-,--,-,--,+,--,--,D,++,-,--,-,--,+,--,--,D,++,-,-,++,--,+,--,--,E,--,0,++,0,++,0,++,+,I,Vide
++,0,-,0,0,--,-,++,Structure,H,0,0,+,--,--,+,-,++,Structure,P,--,0,--,++,-,-,+,+,Structure,A,--,0,++,++,+,-,++,+,Structure,L,0,0,0,-,+,0,0,-,T,+,0,0,+,-,+,--,-,Q,--,0,++,++,+,-,++,+,L,++,+,0,+,0,++,--,++,R,--,0,--,++,-,-,+,+,A,Structure
+,0,-,--,--,0,--,-,Vide,N,++,-,--,-,--,+,--,--,Vide,D,+,0,-,--,--,0,--,-,Structure,N,+,+,0,+,-,+,--,++,Structure,K,0,0,+,--,--,+,-,++,P,-,0,+,+,++,--,++,-,F,++,-,--,-,--,+,--,--,D,--,0,++,++,+,-,++,+,L,--,0,++,0,++,-,++,--,V,Structure
0,0,0,-,+,0,0,-,Vide,T,--,0,++,0,++,-,++,--,Vide,V,+,+,0,+,-,+,--,++,Vide,K,--,0,--,--,-,++,+,+,Vide,G,+,+,0,+,-,+,--,++,K,+,+,0,+,-,+,--,++,K,--,0,--,--,-,++,+,+,G,++,-,-,++,--,+,--,--,E,--,0,--,++,-,-,+,+,A,Vide
++,+,0,+,0,++,--,++,Vide,R,++,0,-,0,0,--,-,++,Vide,H,--,0,++,++,+,-,++,+,Vide,L,0,0,+,--,--,+,-,++,Vide,P,0,0,+,-,+,0,0,-,Y,--,0,++,0,++,0,++,+,I,--,0,--,--,-,++,+,+,G,+,+,0,+,-,+,--,++,K,--,0,++,0,++,-,++,--,V,Vide
++,-,--,-,--,+,--,--,Structure,D,-,0,+,+,++,--,++,-,Structure,F,--,0,++,0,++,-,++,--,Structure,V,++,0,-,0,0,--,-,++,Structure,H,--,0,--,++,-,-,+,+,A,--,0,++,0,++,-,++,--,V,+,+,0,+,-,+,--,++,K,0,0,+,--,--,+,-,++,P,++,-,-,++,--,+,--,--,E,Structure
--,0,++,++,+,-,++,+,Structure,L,+,0,0,+,-,+,--,-,Structure,Q,++,+,0,+,0,++,--,++,Structure,R,-,0,+,+,++,--,++,-,Structure,F,-,0,+,++,+,--,+,0,M,++,-,-,++,--,+,--,--,E,--,0,++,++,+,-,++,+,L,--,0,++,0,++,0,++,+,I,++,-,--,-,--,+,--,--,D,Structure
--,0,--,--,-,++,+,+,Structure,G,++,0,-,0,0,--,-,++,Structure,H,--,0,++,0,++,-,++,--,Structure,V,--,0,++,++,+,-,++,+,Structure,L,++,0,-,0,0,--,-,++,H,-,0,+,++,+,--,+,0,M,-,0,+,++,+,--,+,0,M,-,0,-,-,0,-,+,--,C,++,-,--,-,--,+,--,--,D,Vide
--,0,--,++,-,-,+,+,Structure,A,-,0,+,++,+,--,+,0,Structure,M,--,0,--,--,-,++,+,+,Structure,G,--,0,++,++,+,-,++,+,Structure,L,--,0,--,++,-,-,+,+,A,--,0,--,--,-,++,+,+,G,--,0,++,++,+,-,++,+,L,--,0,++,0,++,-,++,--,V,--,0,++,0,++,-,++,--,V,Structure
-,0,+,++,+,--,+,0,Structure,M,++,-,-,++,--,+,--,--,Structure,E,--,0,++,++,+,-,++,+,Structure,L,--,0,++,0,++,0,++,+,Structure,I,++,-,--,-,--,+,--,--,D,--,0,--,++,-,-,+,+,A,--,0,++,++,+,-,++,+,L,--,0,--,++,-,-,+,+,A,+,0,0,+,-,+,--,-,Q,Structure
++,-,-,++,--,+,--,--,Structure,E,--,0,--,++,-,-,+,+,Structure,A,--,0,++,++,+,-,++,+,Structure,L,--,0,++,++,+,-,++,+,Structure,L,--,0,++,++,+,-,++,+,L,--,0,--,++,-,-,+,+,A,-,0,+,++,+,--,+,0,M,--,0,--,++,-,-,+,+,A,0,0,+,--,--,+,-,++,P,Structure
--,0,++,++,+,-,++,+,Structure,L,--,0,++,0,++,-,++,--,Structure,V,++,0,-,0,0,--,-,++,Structure,H,++,+,0,+,0,++,--,++,Structure,R,--,0,++,0,++,0,++,+,I,--,0,--,++,-,-,+,+,A,+,0,++,0,++,--,0,0,W,--,0,++,++,+,-,++,+,L,-,0,+,++,+,--,+,0,M,Structure
--,0,--,++,-,-,+,+,Vide,A,--,0,++,0,++,-,++,--,Vide,V,++,0,-,0,0,--,-,++,Structure,H,--,0,++,0,++,-,++,--,Structure,V,0,0,--,--,0,+,0,0,S,0,0,+,--,--,+,-,++,P,--,0,--,--,-,++,+,+,G,--,0,--,++,-,-,+,+,A,--,0,++,++,+,-,++,+,L,Structure
--,0,++,0,++,0,++,+,Structure,I,+,0,++,0,++,--,0,0,Structure,W,--,0,++,0,++,0,++,+,Vide,I,+,0,-,--,--,0,--,-,Vide,N,--,0,--,--,-,++,+,+,G,++,-,--,-,--,+,--,--,D,+,+,0,+,-,+,--,++,K,--,0,--,--,-,++,+,+,G,0,0,+,-,+,0,0,-,Y,Vide
++,-,-,++,--,+,--,--,Vide,E,--,0,++,0,++,-,++,--,Vide,V,+,+,0,+,-,+,--,++,Vide,K,0,0,--,--,0,+,0,0,Vide,S,0,0,--,--,0,+,0,0,S,0,0,--,--,0,+,0,0,S,++,-,--,-,--,+,--,--,D,--,0,++,++,+,-,++,+,L,--,0,++,++,+,-,++,+,L,Vide
--,0,--,++,-,-,+,+,Structure,A,--,0,++,++,+,-,++,+,Structure,L,++,-,-,++,--,+,--,--,Structure,E,--,0,--,++,-,-,+,+,Vide,A,--,0,--,--,-,++,+,+,G,++,-,-,++,--,+,--,--,E,--,0,--,--,-,++,+,+,G,+,0,0,+,-,+,--,-,Q,--,0,--,++,-,-,+,+,A,Vide
-,0,+,+,++,--,++,-,Vide,F,0,0,--,--,0,+,0,0,Vide,S,+,+,0,+,-,+,--,++,Vide,K,-,0,+,+,++,--,++,-,Vide,F,+,+,0,+,-,+,--,++,K,++,+,0,+,0,++,--,++,R,+,0,-,--,--,0,--,-,N,0,0,+,--,--,+,-,++,P,Vide,Vide,Vide,Vide,Vide,Vide,Vide,Vide,Vide,Vide
0,0,+,--,--,+,-,++,Structure,P,-,0,+,++,+,--,+,0,Vide,M,--,0,++,++,+,-,++,+,Vide,L,0,0,--,--,0,+,0,0,Vide,S,0,0,0,-,+,0,0,-,T,--,0,++,0,++,0,++,+,I,--,0,++,0,++,-,++,--,V,0,0,+,--,--,+,-,++,P,+,+,0,+,-,+,--,++,K,Vide
-,0,+,+,++,--,++,-,Structure,F,++,-,-,++,--,+,--,--,Structure,E,+,+,0,+,-,+,--,++,Structure,K,++,+,0,+,0,++,--,++,Structure,R,--,0,++,++,+,-,++,+,L,0,0,0,-,+,0,0,-,T,++,-,-,++,--,+,--,--,E,++,+,0,+,0,++,--,++,R,0,0,+,--,--,+,-,++,P,Structure
++,+,0,+,0,++,--,++,Structure,R,0,0,+,-,+,0,0,-,Vide,Y,++,+,0,+,0,++,--,++,Vide,R,--,0,--,--,-,++,+,+,Vide,G,++,+,0,+,0,++,--,++,R,++,-,-,++,--,+,--,--,E,+,+,0,+,-,+,--,++,K,0,0,0,-,+,0,0,-,T,-,0,+,+,++,--,++,-,F,Vide
0,0,--,--,0,+,0,0,Structure,S,+,0,++,0,++,--,0,0,Structure,W,--,0,++,0,++,-,++,--,Structure,V,--,0,++,0,++,-,++,--,Structure,V,--,0,--,--,-,++,+,+,G,++,-,--,-,--,+,--,--,D,+,+,0,+,-,+,--,++,K,0,0,0,-,+,0,0,-,T,--,0,--,--,-,++,+,+,G,Structure
0,0,--,--,0,+,0,0,Vide,S,--,0,++,++,+,-,++,+,Vide,L,0,0,0,-,+,0,0,-,Vide,T,-,0,+,+,++,--,++,-,Vide,F,++,0,-,0,0,--,-,++,H,+,0,0,+,-,+,--,-,Q,--,0,++,++,+,-,++,+,L,+,+,0,+,-,+,--,++,K,--,0,--,++,-,-,+,+,A,Vide
+,+,0,+,-,+,--,++,Structure,K,--,0,--,++,-,-,+,+,Structure,A,+,+,0,+,-,+,--,++,Structure,K,--,0,--,--,-,++,+,+,Vide,G,--,0,++,0,++,-,++,--,V,++,0,-,0,0,--,-,++,H,--,0,--,++,-,-,+,+,A,+,+,0,+,-,+,--,++,K,--,0,++,++,+,-,++,+,L,Vide
++,-,--,-,--,+,--,--,Vide,D,--,0,++,0,++,0,++,+,Vide,I,--,0,--,++,-,-,+,+,Vide,A,+,+,0,+,-,+,--,++,Vide,K,+,+,0,+,-,+,--,++,K,+,0,0,+,-,+,--,-,Q,0,0,+,--,--,+,-,++,P,--,0,++,0,++,-,++,--,V,0,0,0,-,+,0,0,-,T,Vide
+,+,0,+,-,+,--,++,Structure,K,--,0,++,0,++,-,++,--,Structure,V,+,0,-,--,--,0,--,-,Structure,N,0,0,+,-,+,0,0,-,Structure,Y,--,0,--,--,-,++,+,+,G,--,0,++,0,++,-,++,--,V,0,0,0,-,+,0,0,-,T,--,0,++,0,++,-,++,--,V,--,0,++,++,+,-,++,+,L,Structure
--,0,--,++,-,-,+,+,Vide,A,0,0,+,--,--,+,-,++,Vide,P,++,-,-,++,--,+,--,--,Vide,E,0,0,0,-,+,0,0,-,Vide,T,+,0,++,0,++,--,0,0,W,+,0,++,0,++,--,0,0,W,--,0,++,++,+,-,++,+,L,++,+,0,+,0,++,--,++,R,+,0,++,0,++,--,0,0,W,Vide
--,0,++,0,++,-,++,--,Structure,V,+,+,0,+,-,+,--,++,Structure,K,0,0,+,-,+,0,0,-,Structure,Y,++,-,-,++,--,+,--,--,Structure,E,0,0,--,--,0,+,0,0,S,++,-,--,-,--,+,--,--,D,--,0,--,--,-,++,+,+,G,--,0,--,--,-,++,+,+,G,0,0,+,--,--,+,-,++,P,Structure
0,0,0,-,+,0,0,-,Structure,T,0,0,+,--,--,+,-,++,Structure,P,++,-,-,++,--,+,--,--,Structure,E,--,0,--,++,-,-,+,+,Structure,A,+,+,0,+,-,+,--,++,K,--,0,--,++,-,-,+,+,A,--,0,--,++,-,-,+,+,A,+,0,-,--,--,0,--,-,N,++,-,--,-,--,+,--,--,D,Structure
0,0,+,-,+,0,0,-,Structure,Y,++,-,-,++,--,+,--,--,Structure,E,++,-,-,++,--,+,--,--,Structure,E,++,-,-,++,--,+,--,--,Structure,E,--,0,++,++,+,-,++,+,L,--,0,--,++,-,-,+,+,A,+,+,0,+,-,+,--,++,K,++,-,--,-,--,+,--,--,D,0,0,+,--,--,+,-,++,P,Structure
+,+,0,+,-,+,--,++,Vide,K,--,0,--,++,-,-,+,+,Vide,A,+,0,++,0,++,--,0,0,Vide,W,--,0,--,--,-,++,+,+,Vide,G,--,0,++,++,+,-,++,+,L,++,-,-,++,--,+,--,--,E,0,0,+,--,--,+,-,++,P,++,-,-,++,--,+,--,--,E,0,0,--,--,0,+,0,0,S,Vide
--,0,++,0,++,-,++,--,Structure,V,--,0,--,--,-,++,+,+,Structure,G,--,0,++,++,+,-,++,+,Structure,L,--,0,++,++,+,-,++,+,Vide,L,++,+,0,+,0,++,--,++,R,--,0,--,--,-,++,+,+,G,0,0,--,--,0,+,0,0,S,-,0,+,+,++,--,++,-,F,-,0,+,++,+,--,+,0,M,Vide
--,0,++,0,++,0,++,+,Vide,I,0,0,0,-,+,0,0,-,Vide,T,-,0,-,-,0,-,+,--,Vide,C,+,0,-,--,--,0,--,-,Vide,N,0,0,+,-,+,0,0,-,Y,++,-,--,-,--,+,--,--,D,--,0,--,--,-,++,+,+,G,--,0,--,++,-,-,+,+,A,+,0,-,--,--,0,--,-,N,Vide
0,0,0,-,+,0,0,-,Vide,T,++,-,--,-,--,+,--,--,Vide,D,--,0,++,++,+,-,++,+,Vide,L,+,0,-,--,--,0,--,-,Vide,N,+,+,0,+,-,+,--,++,K,--,0,--,++,-,-,+,+,A,++,-,--,-,--,+,--,--,D,+,+,0,+,-,+,--,++,K,--,0,++,++,+,-,++,+,L,Vide
--,0,--,++,-,-,+,+,Vide,A,++,-,--,-,--,+,--,--,Vide,D,+,+,0,+,-,+,--,++,Vide,K,--,0,++,0,++,-,++,--,Vide,V,++,+,0,+,0,++,--,++,R,--,0,++,0,++,-,++,--,V,+,+,0,+,-,+,--,++,K,+,0,++,0,++,--,0,0,W,0,0,+,--,--,+,-,++,P,Structure
--,0,++,0,++,0,++,+,Vide,I,0,0,0,-,+,0,0,-,Vide,T,0,0,+,--,--,+,-,++,Vide,P,--,0,--,++,-,-,+,+,Vide,A,--,0,++,0,++,0,++,+,I,0,0,+,--,--,+,-,++,P,--,0,++,++,+,-,++,+,L,++,+,0,+,0,++,--,++,R,0,0,+,--,--,+,-,++,P,Vide
--,0,++,0,++,0,++,+,Vide,I,0,0,--,--,0,+,0,0,Structure,S,--,0,--,++,-,-,+,+,Structure,A,++,-,--,-,--,+,--,--,Structure,D,+,0,0,+,-,+,--,-,Q,--,0,++,0,++,-,++,--,V,++,-,--,-,--,+,--,--,D,+,0,0,+,-,+,--,-,Q,++,-,-,++,--,+,--,--,E,Structure
0,0,+,--,--,+,-,++,Structure,P,+,0,0,+,-,+,--,-,Structure,Q,--,0,--,++,-,-,+,+,Structure,A,0,0,--,--,0,+,0,0,Structure,S,--,0,++,++,+,-,++,+,L,--,0,--,++,-,-,+,+,A,--,0,--,--,-,++,+,+,G,+,0,++,0,++,--,0,0,W,--,0,++,++,+,-,++,+,L,Structure
--,0,--,--,-,++,+,+,Vide,G,++,-,-,++,--,+,--,--,Structure,E,--,0,++,++,+,-,++,+,Structure,L,++,+,0,+,0,++,--,++,Structure,R,+,0,0,+,-,+,--,-,Q,+,0,0,+,-,+,--,-,Q,--,0,--,--,-,++,+,+,G,0,0,0,-,+,0,0,-,T,0,0,0,-,+,0,0,-,T,Structure
++,-,--,-,--,+,--,--,Structure,D,0,0,0,-,+,0,0,-,Vide,T,++,-,--,-,--,+,--,--,Vide,D,0,0,+,-,+,0,0,-,Structure,Y,0,0,--,--,0,+,0,0,S,--,0,++,0,++,0,++,+,I,--,0,--,++,-,-,+,+,A,++,-,-,++,--,+,--,--,E,--,0,--,++,-,-,+,+,A,Structure
++,+,0,+,0,++,--,++,Vide,R,--,0,--,++,-,-,+,+,Structure,A,--,0,++,0,++,0,++,+,Structure,I,++,-,-,++,--,+,--,--,Structure,E,0,0,+,--,--,+,-,++,P,--,0,++,++,+,-,++,+,L,--,0,++,++,+,-,++,+,L,--,0,++,++,+,-,++,+,L,++,-,-,++,--,+,--,--,E,Structure
--,0,++,0,++,0,++,+,Structure,I,--,0,++,0,++,0,++,+,Structure,I,+,0,-,--,--,0,--,-,Structure,N,--,0,--,--,-,++,+,+,Structure,G,0,0,--,--,0,+,0,0,S,++,-,--,-,--,+,--,--,D,+,0,-,--,--,0,--,-,N,+,+,0,+,-,+,--,++,K,--,0,++,0,++,0,++,+,I,Structure
0,0,0,-,+,0,0,-,Vide,T,0,0,+,--,--,+,-,++,Vide,P,--,0,--,++,-,-,+,+,Vide,A,--,0,++,0,++,0,++,+,Vide,I,0,0,+,--,--,+,-,++,P,--,0,++,++,+,-,++,+,L,++,+,0,+,0,++,--,++,R,0,0,+,--,--,+,-,++,P,--,0,--,--,-,++,+,+,G,Structure
--,0,++,0,++,-,++,--,Vide,V,0,0,+,--,--,+,-,++,Vide,P,++,-,--,-,--,+,--,--,Vide,D,++,-,-,++,--,+,--,--,Vide,E,--,0,++,0,++,-,++,--,V,+,+,0,+,-,+,--,++,K,0,0,--,--,0,+,0,0,S,0,0,--,--,0,+,0,0,S,0,0,--,--,0,+,0,0,S,Vide
--,0,--,--,-,++,+,+,Structure,G,+,0,-,--,--,0,--,-,Structure,N,--,0,--,--,-,++,+,+,Structure,G,++,+,0,+,0,++,--,++,Structure,R,+,0,-,--,--,0,--,-,N,0,0,--,--,0,+,0,0,S,--,0,++,++,+,-,++,+,L,0,0,+,-,+,0,0,-,Y,--,0,++,++,+,-,++,+,L,Structure
+,+,0,+,-,+,--,++,Structure,K,--,0,--,++,-,-,+,+,Structure,A,++,-,-,++,--,+,--,--,Structure,E,+,+,0,+,-,+,--,++,Structure,K,--,0,++,0,++,-,++,--,V,++,-,--,-,--,+,--,--,D,--,0,--,++,-,-,+,+,A,++,+,0,+,0,++,--,++,R,--,0,++,++,+,-,++,+,L,Structure
--,0,++,++,+,-,++,+,Structure,L,+,+,0,+,-,+,--,++,Structure,K,++,+,0,+,0,++,--,++,Structure,R,--,0,++,++,+,-,++,+,Vide,L,++,0,-,0,0,--,-,++,H,--,0,++,0,++,-,++,--,V,0,0,+,--,--,+,-,++,P,--,0,++,++,+,-,++,+,L,--,0,++,0,++,0,++,+,I,Vide
++,+,0,+,0,++,--,++,Structure,R,0,0,0,-,+,0,0,-,Structure,T,--,0,--,--,-,++,+,+,Vide,G,+,+,0,+,-,+,--,++,Vide,K,-,0,-,-,0,-,+,--,C,0,0,--,--,0,+,0,0,S,-,0,+,+,++,--,++,-,F,--,0,++,++,+,-,++,+,L,0,0,+,--,--,+,-,++,P,Vide
--,0,--,++,-,-,+,+,Vide,A,-,0,+,+,++,--,++,-,Vide,F,++,-,--,-,--,+,--,--,Vide,D,+,+,0,+,-,+,--,++,Vide,K,--,0,++,++,+,-,++,+,L,+,0,-,--,--,0,--,-,N,+,+,0,+,-,+,--,++,K,+,0,++,0,++,--,0,0,W,Vide,Vide,Vide,Vide,Vide,Vide,Vide,Vide,Vide,Vide
0,0,+,-,+,0,0,-,Structure,Y,--,0,++,++,+,-,++,+,Structure,L,++,+,0,+,0,++,--,++,Structure,R,--,0,++,++,+,-,++,+,Structure,L,--,0,++,0,++,0,++,+,I,--,0,--,++,-,-,+,+,A,+,0,-,--,--,0,--,-,N,++,+,0,+,0,++,--,++,R,+,0,-,--,--,0,--,-,N,Structure
++,-,--,-,--,+,--,--,Vide,D,--,0,++,0,++,0,++,+,Vide,I,--,0,--,++,-,-,+,+,Vide,A,+,+,0,+,-,+,--,++,Vide,K,+,+,0,+,-,+,--,++,K,+,0,0,+,-,+,--,-,Q,0,0,+,--,--,+,-,++,P,--,0,++,0,++,-,++,--,V,0,0,0,-,+,0,0,-,T,Vide
--,0,++,0,++,0,++,+,Vide,I,+,+,0,+,-,+,--,++,Vide,K,--,0,++,0,++,-,++,--,Vide,V,0,0,0,-,+,0,0,-,Vide,T,--,0,++,0,++,-,++,--,V,++,-,-,++,--,+,--,--,E,++,0,-,0,0,--,-,++,H,0,0,+,--,--,+,-,++,P,++,-,--,-,--,+,--,--,D,Vide
+,0,-,--,--,0,--,-,Vide,N,--,0,++,++,+,-,++,+,Vide,L,+,0,0,+,-,+,--,-,Vide,Q,++,-,-,++,--,+,--,--,Vide,E,0,0,+,--,--,+,-,++,P,0,0,+,-,+,0,0,-,Y,-,0,+,+,++,--,++,-,F,0,0,0,-,+,0,0,-,T,+,0,++,0,++,--,0,0,W,Vide
+,0,-,--,--,0,--,-,Vide,N,--,0,--,++,-,-,+,+,Vide,A,+,+,0,+,-,+,--,++,Vide,K,0,0,0,-,+,0,0,-,Structure,T,--,0,++,0,++,-,++,--,V,--,0,++,++,+,-,++,+,L,+,0,0,+,-,+,--,-,Q,+,+,0,+,-,+,--,++,K,--,0,++,0,++,-,++,--,V,Structure
--,0,++,0,++,-,++,--,Vide,V,0,0,+,-,+,0,0,-,Vide,Y,+,0,0,+,-,+,--,-,Vide,Q,++,-,--,-,--,+,--,--,Vide,D,++,-,--,-,--,+,--,--,D,--,0,++,++,+,-,++,+,L,--,0,++,0,++,-,++,--,V,0,0,0,-,+,0,0,-,T,--,0,--,++,-,-,+,+,A,Vide
--,0,++,0,++,0,++,+,Vide,I,+,+,0,+,-,+,--,++,Vide,K,--,0,++,0,++,0,++,+,Vide,I,0,0,0,-,+,0,0,-,Structure,T,++,+,0,+,0,++,--,++,R,+,0,0,+,-,+,--,-,Q,++,-,-,++,--,+,--,--,E,--,0,++,0,++,0,++,+,I,--,0,--,--,-,++,+,+,G,Structure
++,+,0,+,0,++,--,++,Vide,R,++,+,0,+,0,++,--,++,Vide,R,--,0,--,--,-,++,+,+,Vide,G,-,0,+,+,++,--,++,-,Vide,F,0,0,+,--,--,+,-,++,P,--,0,--,--,-,++,+,+,G,++,-,--,-,--,+,--,--,D,++,-,--,-,--,+,--,--,D,++,-,-,++,--,+,--,--,E,Vide
--,0,++,++,+,-,++,+,Structure,L,--,0,++,0,++,0,++,+,Structure,I,--,0,--,++,-,-,+,+,Structure,A,0,0,+,--,--,+,-,++,Vide,P,++,-,--,-,--,+,--,--,D,-,0,+,++,+,--,+,0,M,+,0,0,+,-,+,--,-,Q,+,0,-,--,--,0,--,-,N,--,0,--,++,-,-,+,+,A,Structure
--,0,--,--,-,++,+,+,Vide,G,--,0,++,0,++,-,++,--,Structure,V,--,0,++,++,+,-,++,+,Structure,L,0,0,0,-,+,0,0,-,Structure,T,--,0,--,++,-,-,+,+,A,--,0,--,--,-,++,+,+,G,+,0,-,--,--,0,--,-,N,--,0,--,--,-,++,+,+,G,--,0,--,++,-,-,+,+,A,Structure
0,0,--,--,0,+,0,0,Vide,S,0,0,+,-,+,0,0,-,Vide,Y,+,0,-,--,--,0,--,-,Vide,N,+,0,-,--,--,0,--,-,Vide,N,-,0,+,+,++,--,++,-,F,--,0,++,0,++,0,++,+,I,0,0,0,-,+,0,0,-,T,++,-,-,++,--,+,--,--,E,--,0,++,0,++,-,++,--,V,Vide
-,0,+,+,++,--,++,-,Structure,F,++,-,--,-,--,+,--,--,Structure,D,--,0,++,++,+,-,++,+,Structure,L,--,0,++,0,++,-,++,--,Structure,V,0,0,0,-,+,0,0,-,T,--,0,++,++,+,-,++,+,L,0,0,+,--,--,+,-,++,P,--,0,++,0,++,-,++,--,V,0,0,--,--,0,+,0,0,S,Structure
0,0,--,--,0,+,0,0,Structure,S,++,-,-,++,--,+,--,--,Structure,E,0,0,--,--,0,+,0,0,Structure,S,++,-,-,++,--,+,--,--,Vide,E,-,0,+,++,+,--,+,0,M,-,0,+,++,+,--,+,0,M,+,+,0,+,-,+,--,++,K,--,0,--,++,-,-,+,+,A,--,0,--,++,-,-,+,+,A,Vide
--,0,--,++,-,-,+,+,Structure,A,--,0,++,++,+,-,++,+,Structure,L,--,0,++,++,+,-,++,+,Structure,L,--,0,++,++,+,-,++,+,Vide,L,+,+,0,+,-,+,--,++,K,++,-,-,++,--,+,--,--,E,++,-,--,-,--,+,--,--,D,++,-,-,++,--,+,--,--,E,--,0,++,0,++,0,++,+,I,Vide
0,0,--,--,0,+,0,0,Structure,S,+,0,0,+,-,+,--,-,Structure,Q,-,0,+,++,+,--,+,0,Structure,M,--,0,--,--,-,++,+,+,Vide,G,-,0,+,++,+,--,+,0,M,--,0,--,++,-,-,+,+,A,--,0,++,0,++,0,++,+,I,--,0,--,++,-,-,+,+,A,0,0,+,--,--,+,-,++,P,Vide
+,0,++,0,++,--,0,0,Structure,W,--,0,++,++,+,-,++,+,Structure,L,+,+,0,+,-,+,--,++,Structure,K,--,0,--,--,-,++,+,+,Structure,G,+,0,-,--,--,0,--,-,N,0,0,0,-,+,0,0,-,T,0,0,0,-,+,0,0,-,T,--,0,--,--,-,++,+,+,G,--,0,--,++,-,-,+,+,A,Structure
++,-,--,-,--,+,--,--,Vide,D,0,0,+,--,--,+,-,++,Vide,P,0,0,0,-,+,0,0,-,Vide,T,--,0,--,--,-,++,+,+,Vide,G,0,0,+,-,+,0,0,-,Y,--,0,--,--,-,++,+,+,G,++,+,0,+,0,++,--,++,R,--,0,++,0,++,0,++,+,I,0,0,0,-,+,0,0,-,T,Vide
--,0,++,0,++,0,++,+,Structure,I,--,0,++,0,++,0,++,+,Structure,I,+,0,-,--,--,0,--,-,Structure,N,--,0,--,--,-,++,+,+,Structure,G,0,0,--,--,0,+,0,0,S,++,-,--,-,--,+,--,--,D,+,0,-,--,--,0,--,-,N,+,+,0,+,-,+,--,++,K,--,0,++,0,++,0,++,+,I,Structure
